Movie Name,Ratings,Metascore,Votes,Gross
1.Logan(2017),8.1,77,759447,$226.28M
2.Thor:Ragnarok(2017),7.9,74,747875,$315.06M
3.GuardiansoftheGalaxyVol.2(2017),7.6,67,677731,$389.81M
4.WonderWoman(2017),7.4,76,656717,$412.56M
5.Dunkirk(2017),7.8,94,655011,$188.37M
6.Spider-Man:Homecoming(2017),7.4,73,653608,$334.20M
7.StarWars:EpisodeVIII-TheLastJedi(2017),6.9,84,630060,$620.18M
8.GetOut(I)(2017),7.7,85,604940,$176.04M
9.BladeRunner2049(2017),8.0,81,567831,$92.05M
10.It(I)(2017),7.3,69,546838,$327.48M
11.BabyDriver(2017),7.6,86,535498,$107.83M
"12.ThreeBillboardsOutsideEbbing,Missouri(2017)",8.1,88,505069,$54.51M
13.Coco(I)(2017),8.4,81,503533,$209.73M
14.Lacasadepapel(2017–2021),8.2,,474431,
15.JusticeLeague(2017),6.1,45,452639,$229.02M
16.JohnWick:Chapter2(2017),7.4,75,430865,$92.03M
17.TheShapeofWater(2017),7.3,87,419676,$63.86M
18.Jumanji:WelcometotheJungle(2017),6.9,58,380197,$404.52M
19.Dark(2017–2020),8.7,,379146,
20.Kingsman:TheGoldenCircle(2017),6.7,44,328211,$100.23M
21.Kong:SkullIsland(2017),6.6,62,319860,$168.05M
22.Ozark(2017–2022),8.5,,313902,
23.PiratesoftheCaribbean:DeadMenTellNoTales(2017),6.5,39,311985,$172.56M
24.BeautyandtheBeast(I)(2017),7.1,65,309349,$504.01M
25.13ReasonsWhy(2017–2020),7.5,,292045,
26.LadyBird(2017),7.4,93,290589,$48.96M
27.Mindhunter(2017–2019),8.6,,287207,
28.Alien:Covenant(2017),6.4,65,282383,$74.26M
29.TheGreatestShowman(2017),7.5,48,281688,$174.34M
30.CallMebyYourName(2017),7.8,93,272135,$18.10M
31.MurderontheOrientExpress(2017),6.5,52,258338,$102.83M
32.WarforthePlanetoftheApes(2017),7.4,82,257816,$146.88M
33.WindRiver(2017),7.7,73,252052,$33.80M
34.ThePunisher(2017–2019),8.5,,235514,
35.TheHandmaid'sTale(2017–),8.4,,234872,
36.TheFateoftheFurious(2017),6.6,56,232685,$226.01M
37.Life(I)(2017),6.6,54,232067,$30.23M
38.TheHitman'sBodyguard(2017),6.9,47,231731,$75.47M
39.Mother!(2017),6.6,75,226893,$17.80M
40.KingArthur:LegendoftheSword(2017),6.7,41,217777,$39.18M
"41.I,Tonya(2017)",7.5,77,216409,$30.01M
42.GhostintheShell(2017),6.3,52,215767,$40.56M
43.DarkestHour(2017),7.4,75,203111,$56.47M
44.BigLittleLies(2017–2019),8.5,,198616,
45.AtomicBlonde(2017),6.7,63,194815,$51.69M
46.TheMummy(2017),5.4,34,191070,$80.10M
47.Bright(I)(2017),6.3,29,190069,
48.TheEndoftheF***ingWorld(2017–2019),8.1,,189659,
49.Baywatch(2017),5.5,37,187301,$58.06M
50.AmericanMade(2017),7.1,65,185119,$51.34M
51.ValerianandtheCityofaThousandPlanets(2017),6.4,51,182416,$41.19M
52.Molly'sGame(2017),7.4,71,172796,$28.78M
53.Wonder(I)(2017),7.9,66,164996,$132.42M
54.TheKillingofaSacredDeer(2017),7.0,73,155305,$2.29M
55.TheDisasterArtist(2017),7.3,76,154685,$21.12M
56.TheLegoBatmanMovie(2017),7.3,75,152580,$175.75M
57.Transformers:TheLastKnight(2017),5.2,27,152396,$130.17M
58.ThePost(2017),7.2,83,151785,$81.90M
59.LoganLucky(2017),7.0,78,150720,$27.78M
60.Riverdale(2017–),6.6,,145127,
61.HappyDeathDay(2017),6.6,58,143338,$55.68M
62.TheDarkTower(2017),5.6,34,139464,$50.70M
63.Taboo(2017–),8.3,,138508,
64.DespicableMe3(2017),6.2,49,136591,$264.62M
65.TheBigSick(2017),7.5,86,136063,$42.87M
66.Annabelle:Creation(2017),6.5,62,135637,$102.09M
67.PhantomThread(2017),7.4,90,133221,$21.02M
68.IronFist(2017–2018),6.4,,131391,
69.TheBossBaby(2017),6.3,50,127839,$175.00M
70.T2Trainspotting(2017),7.2,67,124984,$2.40M
71.GoodTime(2017),7.3,80,124533,$2.03M
72.TheSinner(2017–2021),7.9,,124185,
73.WhatHappenedtoMonday(2017),6.8,47,123817,
74.StarTrek:Discovery(2017–),7.0,,123047,
75.Okja(2017),7.3,75,122182,
76.YouWereNeverReallyHere(2017),6.7,84,119980,$2.52M
77.Gifted(2017),7.6,60,117559,$24.80M
78.TheForeigner(I)(2017),7.0,55,115507,$34.39M
79.TheFloridaProject(2017),7.6,92,115228,$5.90M
80.TheMarvelousMrs.Maisel(2017–),8.7,,114175,
81.Downsizing(2017),5.8,63,111625,$24.45M
82.Gerald'sGame(2017),6.5,77,111163,
83.Geostorm(2017),5.3,21,108879,$33.70M
84.PowerRangers(2017),5.9,44,108795,$85.36M
85.TheDefenders(2017),7.2,,108128,
86.TheDeathofStalin(2017),7.2,88,103798,$8.04M
87.FiftyShadesDarker(2017),4.5,33,103404,$114.38M
88.TheRitual(I)(2017),6.3,57,101924,
89.Baahubali2:TheConclusion(2017),8.2,,101804,
90.Cars3(2017),6.7,59,101025,$152.90M
91.ItComesatNight(2017),6.2,78,94804,$13.99M
92.TheGoodDoctor(2017–),8.1,,94798,
93.TheBabysitter(I)(2017),6.3,,94165,
94.TheCircle(I)(2017),5.3,43,93451,$20.50M
95.xXx:ReturnofXanderCage(2017),5.2,42,92727,$44.90M
96.Legion(2017–2019),8.2,,91397,
97.GameofThrones(2011–2019)Episode:TheSpoilsofWar(2017),9.7,,89539,
98.Atypical(2017–2021),8.3,,88888,
99.ShotCaller(2017),7.3,59,87319,
100.TheOrville(2017–),8.0,,87306,
101.AmericanGods(2017–),7.7,,86756,
102.GoinginStyle(2017),6.6,50,86177,$45.02M
103.Hostiles(2017),7.2,65,85998,$29.82M
104.AlltheMoneyintheWorld(2017),6.8,72,85776,$25.11M
105.DeathNote(I)(2017),4.5,43,85499,
106.AmericanAssassin(2017),6.2,45,83314,$36.25M
107.Jigsaw(I)(2017),5.7,39,80505,$38.05M
108.BigMouth(2017–),7.9,,79494,
109.Paddington2(2017),7.8,88,79293,$40.44M
110.Papillon(I)(2017),7.2,51,76268,$2.34M
111.TheMountainBetweenUs(2017),6.4,48,75927,$30.35M
112.Daddy'sHome2(2017),6.0,30,74154,$104.03M
113.Reis(2017),1.0,,73619,
114.ADog'sPurpose(2017),7.2,43,73038,$64.51M
115.AGhostStory(2017),6.8,84,73018,$1.60M
116.OnlytheBrave(2017),7.6,72,70382,$18.34M
117.SantaClaritaDiet(2017–2019),7.8,,68461,
118.TwinPeaks(2017),8.5,,67929,
119.Godless(2017),8.3,,67818,
120.BrawlinCellBlock99(2017),7.1,79,67353,
121.TheSquare(2017),7.2,73,65941,$1.50M
122.Castlevania(2017–2021),8.3,,65838,
123.GameofThrones(2011–2019)Episode:BeyondtheWall(2017),9.0,,65292,
124.GameofThrones(2011–2019)Episode:TheDragonandtheWolf(2017),9.4,,65204,
125.TheSnowman(2017),5.1,23,65142,$6.67M
126.TheEmojiMovie(2017),3.3,12,64991,$86.09M
127.PitchPerfect3(2017),5.8,40,64966,$104.90M
128.1922(2017),6.2,70,64381,
129.YoungSheldon(2017–),7.6,,61720,
130.ASeriesofUnfortunateEvents(2017–2019),7.8,,61215,
131.Manhunt(II)(2017–),8.1,,59892,
132.Idon'tfeelathomeinthisworldanymore.(2017),6.9,75,58545,
133.LovingVincent(2017),7.8,62,58446,$6.74M
134.TheBeguiled(2017),6.3,77,58085,$10.58M
135.Ferdinand(2017),6.7,58,57938,$84.41M
136.Jungle(I)(2017),6.7,48,57712,
137.TheUpside(2017),7.0,46,57140,$108.25M
138.FirstReformed(2017),7.1,85,57112,$3.45M
139.BattleoftheSexes(2017),6.7,73,56243,$12.64M
140.47MetersDown(2017),5.6,52,56006,$44.31M
141.Anne(2017–2019),8.7,,55266,
142.Detroit(2017),7.3,77,53501,$16.79M
143.TheSpaceBetweenUs(I)(2017),6.4,33,53432,$7.89M
144.BeforeIFall(2017),6.4,58,53025,$12.24M
145.RoughNight(2017),5.2,51,52694,$22.06M
146.BlackMirror(2011–2019)Episode:USSCallister(2017),8.3,,52553,
147.BlackMirror(2011–2019)Episode:HangtheDJ(2017),8.7,,52531,
148.GameofThrones(2011–2019)Episode:Dragonstone(2017),8.5,,51833,
149.ABadMomsChristmas(2017),5.6,42,51242,$72.11M
150.Icarus(2017),7.9,68,50453,
151.TotheBone(I)(2017),6.8,64,50101,
152.Mudbound(2017),7.4,85,49803,
153.TheMeyerowitzStories(NewandSelected)(2017),6.9,79,49722,
154.CHIPS(2017),6.0,28,48449,$18.60M
155.Flatliners(2017),5.2,27,47779,$16.87M
156.GameofThrones(2011–2019)Episode:TheQueen'sJustice(2017),9.1,,47492,
157.WarMachine(2017),6.0,56,47114,
158.GLOW(2017–2019),8.0,,46838,
159.Stronger(I)(2017),6.9,76,45700,$4.21M
160.GameofThrones(2011–2019)Episode:Stormborn(2017),8.8,,45291,
161.VikramVedha(2017),8.3,,45256,
162.Raees(2017),6.6,,45068,
163.GameofThrones(2011–2019)Episode:Eastwatch(2017),8.7,,45022,
164.TheHouse(I)(2017),5.6,30,44849,$25.48M
165.Suburbicon(2017),5.7,42,44718,$5.78M
166.Cargo(I)(2017),6.3,65,44148,
167.Revenge(II)(2017),6.4,81,44031,$0.10M
168.TheZookeeper'sWife(2017),7.0,57,43731,$17.45M
169.TheEndless(I)(2017),6.5,80,43452,$0.27M
170.Thoroughbreds(2017),6.6,75,43233,$2.83M
171.FistFight(2017),5.6,37,43131,$32.19M
172.BlackMirror(2011–2019)Episode:BlackMuseum(2017),8.6,,43093,
173.IngridGoesWest(2017),6.6,71,42742,$3.02M
174.Verónica(I)(2017),6.2,,42382,
175.BluePlanetII(2017–2022),9.3,,41244,
176.Rings(2017),4.5,25,41151,$27.79M
177.BlackMirror(2011–2019)Episode:Arkangel(2017),7.3,,40981,
178.TheWife(I)(2017),7.2,77,40238,$9.60M
179.Ayla:TheDaughterofWar(2017),8.3,,40089,
"180.Everything,Everything(2017)",6.3,52,39386,$34.00M
181.Happy!(2017–2019),8.1,,39244,
182.CumaliCeber:AllahSeniAlsin(2017),1.0,,39051,
"183.RomanJ.Israel,Esq.(2017)",6.5,58,38694,$11.96M
184.BlackMirror(2011–2019)Episode:Crocodile(2017),7.3,,38611,
185.GirlsTrip(2017),6.2,71,37924,$115.17M
186.Kidnap(I)(2017),5.9,44,37419,$30.72M
187.TimeTrap(2017),6.2,46,37320,
188.BlackMirror(2011–2019)Episode:Metalhead(2017),6.6,,36556,
189.TheShack(I)(2017),6.2,32,36308,$57.39M
190.Victoria&Abdul(2017),6.8,58,36145,$22.25M
191.Snatched(2017),4.6,45,35911,$45.83M
192.Unlocked(I)(2017),6.3,46,35769,
193.TheGifted(I)(2017–2019),7.3,,35339,
194.Mersal(2017),7.5,,34935,
195.GhostStories(I)(2017),6.4,68,34880,$0.14M
196.TheDiscovery(I)(2017),6.2,54,34775,
197.Gi-eok-uibam(2017),7.4,,34575,
198.ShingekinoKyojin(2013–2023)Episode:Warrior(2017),9.8,,34260,
199.TheGlassCastle(2017),7.1,56,34162,$17.27M
200.Nelyubov(2017),7.6,86,33427,$0.57M
201.Krym(I)(2017),3.6,,33411,
202.AliasGrace(2017),7.7,,33388,
203.AusdemNichts(2017),7.1,65,33349,$0.32M
204.Thelma(2017),7.0,74,32969,$0.15M
205.HomeAgain(2017),5.8,41,32877,$27.02M
206.Sleepless(III)(2017),5.6,34,32817,$20.78M
207.IKillGiants(2017),6.1,74,32676,
208.RickandMorty(2013–)Episode:TheRicklantisMixup(2017),9.8,,32521,
209.Marrowbone(2017),6.7,63,32482,$0.00M
210.BorgMcEnroe(2017),6.9,63,32387,$14.11M
211.Disobedience(2017),6.6,74,31714,$3.48M
212.God'sOwnCountry(2017),7.6,85,31430,$0.34M
213.AmericanVandal(2017–2018),8.1,,31066,
214.TigerZindaHai(2017),5.9,,29539,
215.WhattheHealth(2017),7.2,,29498,
216.HindiMedium(2017),7.8,,29431,
217.TheDeuce(2017–2019),8.1,,29304,
218.Table19(2017),5.8,40,29094,$3.61M
219.WonderWheel(2017),6.2,45,29061,$1.40M
220.CaptainUnderpants:TheFirstEpicMovie(2017),6.2,69,28999,$73.92M
221.TheGoodFight(2017–2022),8.3,,28228,
222.TheChosen(2017–),9.4,,28211,
223.Teströléslélekröl(2017),7.5,77,27955,
224.TheCurrentWar(2017),6.5,55,27951,
225.GoodbyeChristopherRobin(2017),7.1,54,27868,$1.74M
226.StrangerThings(2016–)Episode:ChapterSeven:TheLostSister(2017),6.1,,27859,
227.FantasticBeastsandWheretoFindThem:Newt(2017Video),7.2,,27831,
228.TheBookofHenry(2017),6.6,31,27794,$4.22M
229.Sherlock(2010–2017)Episode:TheFinalProblem(2017),8.1,,27772,
230.TheWall(II)(2017),6.2,57,27687,$1.80M
231.Counterpart(2017–2019),8.0,,27672,
232.Sherlock(2010–2017)Episode:TheLyingDetective(2017),9.1,,27598,
233.Kaabil(2017),7.1,,27328,
234.Elbar(2017),6.3,,27288,
235.Creep2(2017),6.4,75,27210,
236.Inhumans(2017),4.9,,27006,
237.SecretSuperstar(2017),7.8,,26749,
238.TheLegoNinjagoMovie(2017),6.0,55,26696,$59.28M
239.ProfessorMarstonandtheWonderWomen(2017),7.0,68,26666,$1.59M
240.Den12.mann(2017),7.3,70,26506,
241.Runaways(2017–2019),6.9,,26496,
"242.Jim&Andy:TheGreatBeyond-FeaturingaVerySpecial,ContractuallyObligatedMentionofTonyClifton(2017)",7.6,77,26347,
243.JusticeLeagueDark(2017Video),7.0,,26307,
244.SEALTeam(2017–),7.7,,26193,
245.CultofChucky(2017),5.2,69,26109,
246.LastFlagFlying(2017),6.9,65,26106,$0.97M
247.TheWizardofLies(2017TVMovie),6.8,,26025,
248.TheOttomanLieutenant(2017),6.4,26,25871,
249.UnaMujerFantástica(2017),7.2,86,25861,$2.02M
250.TheBreadwinner(2017),7.7,78,25813,$0.31M
251.ArjunReddy(2017),8.0,,25761,
252.JollyLLB2(2017),7.2,,25734,
253.BlackLightning(2017–2021),6.1,,25726,
254.BerlinSyndrome(2017),6.2,70,25679,$0.03M
255.FutureMan(2017–2020),7.7,,25612,
256.DearWhitePeople(2017–2021),6.2,,25511,
257.TheMist(2017),5.4,,25371,
258.Kameraotomeruna!(2017),7.6,86,25150,
259.Aftermath(IV)(2017),5.7,44,25141,
260.Taeksiwoonjunsa(2017),7.9,69,25057,$1.53M
261.ShingekinoKyojin(2013–2023)Episode:Scream(2017),9.7,,24973,
262.TheVietnamWar(2017),9.1,,24903,
263.CrookedHouse(2017),6.3,59,24860,
264.BabylonBerlin(2017–),8.4,,24852,
265.Sherlock(2010–2017)Episode:TheSixThatchers(2017),7.6,,24658,
266.Marshall(2017),7.3,66,24600,$10.05M
267.Leatherface(2017),5.0,40,24554,
268.TheByeByeMan(2017),4.3,37,24488,$22.38M
269.MomandDad(2017),5.5,59,24411,
270.MeganLeavey(2017),7.1,66,24279,$13.41M
271.S.W.A.T.(2017–),7.1,,24027,
272.Lucky(I)(2017),7.3,80,24006,$0.96M
273.AileArasinda(2017),7.7,,23982,
274.SandCastle(2017),6.3,45,23935,
275.APrayerBeforeDawn(2017),6.8,76,23910,
276.BareillyKiBarfi(2017),7.5,,23907,
277.StrangerThings(2016–)Episode:ChapterNine:TheGate(2017),9.3,,23794,
278.2:22(2017),5.7,,23738,
279.SuperDarkTimes(2017),6.6,75,23690,$0.03M
280.AllEyezonMe(2017),5.8,38,23497,$44.92M
281.BlackClover(2017–2021),8.3,,23443,
282.TheLittleHours(2017),5.8,69,23288,$1.65M
283.iBoy(2017),5.9,50,23260,
284.JeepersCreepers3(2017),3.9,,23121,
285.Breathe(I)(2017),7.1,51,22929,$0.49M
286.TheKeepers(II)(2017),8.0,,22857,
287.Dynasty(2017–2022),7.2,,22763,
288.Salvation(2017–),6.9,,22650,
289.BetterCallSaul(2015–2022)Episode:Chicanery(2017),9.7,,22560,
290.6Days(I)(2017),6.2,36,22349,
291.Mr.Mercedes(2017–2019),7.8,,22306,
292.TheSuper(2017),5.5,47,22229,
293.BeyondSkyline(2017),5.3,46,22194,
294.Mayhem(2017),6.4,62,22124,
295.Smurfs:TheLostVillage(2017),5.9,40,21925,$45.02M
296.Toilet-EkPremKatha(2017),7.2,,21857,
297.LittleEvil(2017),5.7,,21807,
298.RickandMorty(2013–)Episode:TheRickshankRickdemption(2017),9.6,,21777,
299.MyFriendDahmer(2017),6.2,68,21729,$1.36M
300.Boruto:NarutoNextGenerations(2017–),6.8,,21524,
301.TheBoldType(2017–2021),7.8,,21473,
302.TulipFever(2017),6.2,38,21440,$2.43M
303.Chalardgamesgoeng(2017),7.6,,21281,
304.StrangerThings(2016–)Episode:ChapterEight:TheMindFlayer(2017),9.2,,21255,
305.FriendsfromCollege(2017–2019),6.9,,21246,
306.SongtoSong(I)(2017),5.6,54,21187,$0.44M
307.WishUpon(2017),5.0,32,21126,$14.30M
308.JabHarryMetSejal(2017),5.0,,21085,
309.Wheelman(2017),6.4,66,20907,
310.LovingPablo(2017),6.3,42,20750,$0.02M
311.Tubelight(2017),3.9,,20580,
312.Knightfall(2017–2019),6.8,,20549,
313.Haganenorenkinjutsushi(2017),5.3,48,20493,
314.Training'JohnWick'(2017Video),7.6,,20468,
315.Newton(2017),7.6,,20315,
316.Naked(I)(2017),5.4,36,20064,
317.FatherFigures(2017),5.5,22,20055,$17.50M
318.AbductedinPlainSight(2017),6.8,,19993,
319.TheDawnWall(2017),8.1,81,19898,$1.08M
320.Feud(2017–),8.4,,19872,
321.AChristmasPrince(2017),5.8,,19836,
322.OnceUponaTimeinVenice(2017),5.3,28,19800,
323.StrangerThings(2016–)Episode:ChapterOne:MADMAX(2017),8.2,,19784,
324.UnicornStore(2017),5.6,44,19679,
325.MyCousinRachel(2017),6.0,63,19642,$2.68M
326.StrangerThings(2016–)Episode:ChapterSix:TheSpy(2017),9.1,,19555,
327.Security(I)(2017),5.7,,19524,
328.TocToc(2017),6.8,,19513,
329.HotSummerNights(2017),6.3,44,19485,
330.RickandMorty(2013–)Episode:PickleRick(2017),9.3,,19394,
331.TheParty(I)(2017),6.5,73,19170,$0.75M
332.TheRider(2017),7.4,91,19149,$2.42M
333.TheHeroes(2008–)Episode:KnightinBlack(2017),8.9,,18908,
334.Genius(I)(2017–),8.2,,18757,
335.FirstTheyKilledMyFather(2017),7.2,72,18678,
336.ElChapo(2017–2018),7.8,,18664,
337.Masum(2017),8.3,,18658,
338.Snowfall(2017–),8.2,,18595,
"339.StrangerThings(2016–)Episode:ChapterTwo:TrickorTreat,Freak(2017)",8.3,,18475,
340.Columbus(I)(2017),7.2,89,18321,$1.02M
341.Girlboss(2017),7.0,,18269,
342.StrangerThings(2016–)Episode:ChapterFive:DigDug(2017),8.8,,18265,
343.DerHauptmann(2017),7.3,67,18233,$0.11M
344.Brad'sStatus(2017),6.5,71,18145,$2.13M
345.Workin'Moms(2017–2023),7.8,,18123,
346.StrangerThings(2016–)Episode:ChapterThree:ThePollywog(2017),8.5,,18101,
347.Mugennojûnin(2017),6.7,72,18034,$0.15M
348.StrangerThings(2016–)Episode:ChapterFour:WilltheWise(2017),8.5,,17872,
349.TheHitman'sBodyguard:TheHitmanvs.TheBodyguard(2017Video),6.9,,17475,
350.Kodachrome(2017),6.8,57,17424,
351.Koombiyo(2017–2018),9.0,,17418,
352.SandyWexler(2017),5.2,40,17386,
353.Hangman(II)(2017),5.2,31,17348,
354.Gypsy(2017),6.8,,17096,
355.HHhH(2017),6.4,,17092,
356.L'insulte(2017),7.6,72,17069,$1.00M
357.TheMick(2017–2018),7.8,,17068,
358.12FeetDeep(2017),5.3,,17067,
359.Newness(2017),6.3,50,17057,
360.Radius(2017),6.2,,16949,
361.BrigsbyBear(2017),7.3,67,16940,$0.53M
362.ElectricDreams(2017–2018),7.2,,16879,
363.Rememory(2017),6.1,48,16834,
364.Churchill(2017),6.1,44,16831,$1.28M
365.OneDayataTime(2017–2020),8.2,,16674,
366.HowtoBeaLatinLover(2017),6.0,54,16445,$32.09M
367.RecepIvedik5(2017),3.3,,16362,
368.Britannia(2017–),6.8,,16358,
369.Çukur(2017–2021),7.5,,16295,
370.Aterrados(2017),6.4,,16286,
371.TheManWhoInventedChristmas(2017),7.0,60,16247,$5.68M
372.Elguardiáninvisible(2017),6.4,,16214,
373.ColdSkin(2017),6.0,,16173,
374.JohnWickChapter2:Wick-vizzed(2017Video),7.8,,16162,
375.MaryShelley(2017),6.4,49,16115,$0.10M
376.Unforgettable(II)(2017),5.1,45,15997,$11.27M
377.OtherLife(2017),6.2,,15980,
378.ShaadiMeinZaroorAana(2017),7.5,,15973,
379.HappyEnd(2017),6.6,72,15841,$0.30M
380.Sin-gwaham-kke:Jwi-wabeol(2017),7.2,,15777,
381.Absentia(2017–2020),7.2,,15770,
382.ShingekinoKyojin(2013–2023)Episode:CloseCombat(2017),9.6,,15745,
383.120battementsparminute(2017),7.4,84,15701,$0.13M
384.TheBookshop(2017),6.5,62,15641,$1.33M
385.TeenTitans:TheJudasContract(2017Video),7.0,,15394,
386.Strike(2017–),7.9,,15170,
387.ShimmerLake(2017),6.3,,15143,
388.Overdrive(2017),5.3,,15124,
389.ShingekinoKyojin(2013–2023)Episode:Totsugeki(2017),9.5,,15082,
390.TheOnlyLivingBoyinNewYork(2017),6.3,33,15053,$0.62M
391.TheeranAdhigaaramOndru(2017),8.2,,15037,
392.Aknyeo(2017),6.6,64,15015,$0.03M
393.TheLayover(I)(2017),4.7,15,14985,
394.TheDefiantOnes(2017),8.5,,14860,
395.HorizonZeroDawn(2017VideoGame),9.0,,14849,
396.Suburra-Laserie(2017–2020),7.9,,14842,
397.HiddenFigures:ItAllAddsUp-TheMakingofHiddenFigures(2017Video),8.1,,14805,
398.BeachRats(2017),6.4,78,14800,$0.47M
399.24HourstoLive(2017),5.8,37,14789,
400.TheHitman'sBodyguard:DangerousWomen(2017Video),6.8,,14756,
401.RetroWick:ExploringtheUnexpectedSuccessof'JohnWick'(2017Video),7.6,,14731,
402.TinStar(2017–2020),7.2,,14695,
403.Laschicasdelcable(2017–2020),7.5,,14681,
404.Mearitomajonohana(2017),6.8,74,14596,$2.42M
405.TheWalkingDead(2010–2022)Episode:TheFirstDayoftheRestofYourLife(2017),7.7,,14551,
406.Amityville:TheAwakening(2017),4.8,42,14434,$0.00M
407.PleaseStandBy(2017),6.7,49,14306,$0.01M
408.Perfectosdesconocidos(2017),6.9,,14300,
409.Dark(2017–2020)Episode:Geheimnisse(2017),8.2,,14284,
410.ThankYouforYourService(I)(2017),6.6,68,14135,$9.47M
"411.Midnight,Texas(2017–2018)",7.3,,14118,
412.Singularity(I)(2017),3.7,,14111,
413.ShingekinoKyojin(2013–2023)Episode:BeastTitan(2017),9.2,,13995,
414.BlackButterfly(II)(2017),6.1,43,13973,
415.Beast(III)(2017),6.8,74,13966,$0.80M
416.KillingGunther(2017),4.8,53,13933,
417.Goon:LastoftheEnforcers(2017),5.8,48,13901,
418.BatmanandHarleyQuinn(2017),5.9,,13894,
419.Imposters(2017–2018),7.8,,13871,
420.LaMante(2017),7.4,,13869,
"421.AsAbove,SoBelow:TheUnderworldof'JohnWick'(2017Video)",7.7,,13854,
422.ResidentEvil:Vendetta(2017),6.2,,13827,
423.Zashchitniki(2017),4.0,,13810,
424.OurSoulsatNight(2017),6.9,69,13785,
425.TheGhaziAttack(2017),7.5,,13764,
426.MarkFelt:TheManWhoBroughtDowntheWhiteHouse(2017),6.4,49,13707,$0.77M
427.Chappaquiddick(2017),6.4,67,13641,$17.40M
428.TheChildrenAct(2017),6.7,62,13621,$0.51M
429.AnnaandtheApocalypse(2017),6.0,63,13448,$0.55M
430.YouGetMe(2017),4.7,,13346,
431.TheWhitePrincess(2017),7.5,,13244,
432.TheVault(I)(2017),4.8,50,13208,$0.01M
433.ShingekinoKyojin(2013–2023)Episode:Historia(2017),9.2,,13174,
434.Prityazhenie(2017),5.6,,13149,
435.Gaga:FiveFootTwo(2017),7.0,63,13120,
436.LeanonPete(2017),7.2,80,13019,$1.16M
437.WhatDidJackDo?(2017),6.4,,13016,
438.Olaf'sFrozenAdventure(2017),5.6,,12987,
439.Six(2017–2018),7.2,,12888,
440.RickandMorty(2013–)Episode:RestandRicklaxation(2017),8.9,,12872,
441.Him-ssenyeo-jaDoBong-soon(2017),8.2,,12831,
442.TheWalkingDead(2010–2022)Episode:Mercy(2017),6.9,,12801,
443.RickandMorty(2013–)Episode:RickmancingtheStone(2017),8.1,,12794,
444.Ittefaq(2017),7.2,,12753,
445.TheAgeofSpin:DaveChappelleLiveattheHollywoodPalladium(2017TVSpecial),8.1,,12739,
446.EscapeRoom(II)(2017),4.2,,12734,
447.ShingekinoKyojin(2013–2023)Episode:Soldier(2017),9.2,,12728,
448.DaveChappelle:Equanimity(2017TVSpecial),8.1,,12664,
449.TheHumanityBureau(2017),4.6,,12642,
450.Visagesvillages(2017),7.8,94,12639,$0.95M
451.Dark(2017–2020)Episode:Lügen(2017),8.1,,12624,
452.L'amantdouble(2017),6.2,70,12537,$0.17M
453.RickandMorty(2013–)Episode:Vindicators3:TheReturnofWorldender(2017),8.1,,12533,
454.BadrinathKiDulhania(2017),6.1,,12520,
455.ActsofVengeance(2017),5.7,49,12508,
456.RickandMorty(2013–)Episode:Morty'sMindBlowers(2017),8.9,,12467,
457.Vivegam(2017),5.2,,12438,
458.Toivontuollapuolen(2017),7.2,84,12433,$0.18M
459.Dark(2017–2020)Episode:AlphaundOmega(2017),9.1,,12418,
460.FantasticBeastsandWheretoFindThem:BeforeHarryPotter(2017Video),7.2,,12314,
461.Dark(2017–2020)Episode:Gesternundheute(2017),8.5,,12239,
462.Dark(2017–2020)Episode:Wahrheiten(2017),8.8,,12185,
463.ShingekinoKyojin(2013–2023)Episode:Children(2017),9.0,,12172,
464.ShingekinoKyojin(2013–2023)Episode:I'mHome(2017),8.5,,12166,
465.Errementari(2017),6.4,,12162,
466.DayoftheDead:Bloodline(2017),3.4,,12119,
467.BetterCallSaul(2015–2022)Episode:Lantern(2017),9.2,,12100,
468.Dark(2017–2020)Episode:SicMundusCreatusEst(2017),9.0,,11980,
469.ShingekinoKyojin(2013–2023)Episode:Southwestward(2017),8.7,,11948,
470.XX(2017),4.6,64,11942,$0.03M
471.InsideEdge(2017–),8.0,,11941,
472.ChristmasInheritance(2017),5.7,,11935,
473.RickandMorty(2013–)Episode:TheWhirlyDirlyConspiracy(2017),8.4,,11900,
474.ShingekinoKyojin(2013–2023)Episode:TheHunters(2017),8.5,,11851,
"475.Dark(2017–2020)Episode:Wasmansät,daswirdmanernten(2017)",9.1,,11844,
476.ShingekinoKyojin(2013–2023)Episode:Opening(2017),8.6,,11827,
477.FirstKill(2017),5.0,39,11822,
478.Bushwick(2017),5.2,44,11768,
479.Descendants2(2017TVMovie),6.3,,11746,
480.DeepintheHeartofTexas:DaveChappelleLiveatAustinCityLimits(2017TVSpecial),7.9,,11741,
481.ZoneBlanche(2017–),7.4,,11683,
482.ThePlace(2017),7.0,,11673,
483.WhiteGold(2017–2019),7.4,,11605,
484.SmallTownCrime(2017),6.6,68,11605,
485.Dark(2017–2020)Episode:Doppelleben(2017),8.2,,11584,
486.VoicefromtheStone(2017),5.2,42,11568,
487.Mr.Robot(2015–2019)Episode:eps3.4_runtime-err0r.r00(2017),9.7,,11560,
488.SenkenadBalkanom(2017–),8.9,,11534,
489.Tuntematonsotilas(2017),7.7,,11511,
490.OnChesilBeach(2017),6.3,62,11497,$0.75M
491.Laragazzanellanebbia(2017),6.8,,11434,
492.Salyut-7(2017),7.2,,11424,
493.Psych:TheMovie(2017TVMovie),7.3,,11422,
494.HowtoTalktoGirlsatParties(2017),5.7,50,11404,$0.08M
495.MadeinAbyss(2017–),8.4,,11329,
496.BoJackHorseman(2014–2020)Episode:Time'sArrow(2017),9.8,,11241,
497.BetterCallSaul(2015–2022)Episode:Witness(2017),9.0,,11223,
498.TourdePharmacy(2017TVMovie),7.1,,11140,
499.Dark(2017–2020)Episode:Kreuzwege(2017),8.6,,11118,
500.SidneyHall(2017),6.8,18,11025,
501.Taken(2017–2018),6.5,,11019,
502.Judwaa2(2017),3.6,,10980,
503.Dark(2017–2020)Episode:Allesistjetzt(2017),8.6,,10976,
504.Fi(2017–2018),7.8,,10972,
505.SweetVirginia(2017),6.2,72,10957,$0.01M
506.Lesensdelafête(I)(2017),6.8,,10929,
507.RickandMorty(2013–)Episode:TheRickchurianMortydate(2017),8.2,,10917,
508.Laforêt(2017),7.2,,10809,
509.ThePolkaKing(2017),6.0,65,10806,
510.Mom(I)(2017),7.2,,10802,
511.Wilson(I)(2017),5.8,49,10753,$0.65M
512.Bairavaa(2017),5.8,,10727,
513.BetterCallSaul(2015–2022)Episode:Mabel(2017),8.1,,10690,
514.RickandMorty(2013–)Episode:TheABCsofBeth(2017),7.9,,10690,
515.PeakyBlinders(2013–2022)Episode:TheCompany(2017),9.4,,10685,
516.TheWalkingDead(2010–2022)Episode:HowIt'sGottaBe(2017),6.7,,10657,
517.BetterCallSaul(2015–2022)Episode:Sabrosito(2017),8.9,,10631,
518.Gunpowder(2017),6.6,,10614,
519.JaggaJasoos(2017),6.3,,10611,
520.TabulaRasa(2017),8.0,,10607,
521.Spyder(2017),6.3,,10604,
522.PeakyBlinders(2013–2022)Episode:TheNoose(2017),9.4,,10593,
523.TheWalkingDead(2010–2022)Episode:TheDamned(2017),6.7,,10571,
524.TragedyGirls(2017),6.0,58,10535,$0.06M
525.BulletHead(2017),5.4,51,10519,
526.Gongfuyujia(2017),5.1,50,10482,$0.36M
527.Wonderstruck(2017),6.2,71,10459,$1.03M
528.Disjointed(2017–2018),6.7,,10444,
529.ShubhMangalSaavdhan(2017),6.9,,10439,
530.Mr.Robot(2015–2019)Episode:eps3.5_kill-pr0cess.inc(2017),9.6,,10397,
531.LouisC.K.2017(2017TVSpecial),7.6,,10359,
532.PayitahtAbdülhamid(2017–2021),4.9,,10353,
533.TheRecall(2017),4.2,,10285,
534.PattiCake$(2017),6.8,67,10279,$0.80M
535.Jiqizhixue(2017),5.1,43,10273,
536.ThePiratesofSomalia(2017),6.7,54,10259,
537.Journey'sEnd(I)(2017),6.7,73,10244,$0.16M
538.Pappapia(2017),4.6,,10226,
539.DaveChappelle:TheBirdRevelation(2017TVSpecial),7.8,,10217,
540.Inconceivable(2017),5.2,,10206,
541.Salinjauigieokbeob(2017),7.2,,10189,
542.Lacasadepapel(2017–2021)Episode:Bellaciao(2017),9.2,,10186,
543.BeatrizatDinner(2017),6.0,68,10164,$7.12M
544.DuckTales(2017–2021),8.3,,10150,
545.Renegades(2017),5.5,33,10146,
546.MommyDeadandDearest(2017),7.4,,10144,
547.Cardinal(2017–2020),7.7,,10111,
548.TheWalkingDead(2010–2022)Episode:RockintheRoad(2017),8.0,,10089,
549.BadBlood(2017–2018),7.5,,10053,
550.AmySchumer:TheLeatherSpecial(2017TVSpecial),3.2,,10036,
551.Liar(2017–2020),7.1,,10023,
552.InsideLook:TheAssassinationofGianniVersace-AmericanCrimeStory(2017–2018),7.7,,10013,
553.ThePunisher(2017–2019)Episode:Home(2017),9.5,,10003,
554.FilmStarsDon'tDieinLiverpool(2017),6.7,65,9983,$1.03M
555.RebelintheRye(2017),6.7,46,9954,$0.38M
556.Kakegurui(2017–2019),7.2,,9944,
557.Aurevoirlà-haut(2017),7.4,,9944,
558.TheWalkingDead(2010–2022)Episode:Monsters(2017),6.4,,9899,
559.TheHero(I)(2017),6.5,61,9851,$4.08M
560.BetterCallSaul(2015–2022)Episode:SunkCosts(2017),8.5,,9804,
561.TheWalkingDead(2010–2022)Episode:SomeGuy(2017),6.8,,9788,
562.BetterCallSaul(2015–2022)Episode:Fall(2017),8.8,,9760,
563.Pyewacket(2017),5.8,56,9679,
564.TheHunter'sPrayer(2017),5.5,35,9669,
565.BetterCallSaul(2015–2022)Episode:OffBrand(2017),8.5,,9647,
566.GolmaalAgain(2017),4.9,,9612,
567.Revolt(2017),5.3,,9601,
568.TheWalkingDead(2010–2022)Episode:SayYes(2017),7.0,,9593,
569.Jusqu'àlagarde(2017),7.5,83,9537,$0.08M
570.WinItAll(2017),6.2,77,9503,
571.Lesaffamés(2017),5.8,,9432,
572.DiaryofaWimpyKid:TheLongHaul(2017),4.3,39,9429,$20.64M
573.Satan'sSlaves(2017),6.5,,9426,
574.Flower(I)(2017),6.0,45,9412,$0.33M
575.BetterCallSaul(2015–2022)Episode:Expenses(2017),8.2,,9384,
576.TheWalkingDead(2010–2022)Episode:NewBestFriends(2017),7.3,,9384,
577.TheWalkingDead(2010–2022)Episode:BuryMeHere(2017),7.6,,9383,
578.BetterCallSaul(2015–2022)Episode:Slip(2017),8.5,,9327,
579.TheWalkingDead(2010–2022)Episode:HostilesandCalamities(2017),7.3,,9320,
580.TheCaseforChrist(2017),6.2,50,9297,$14.68M
581.TheLodgers(2017),5.1,52,9251,
582.TheManfromEarth:Holocene(2017),5.2,,9242,
583.TheBrave(2017–2018),7.5,,9197,
584.Harlots(2017–2019),7.7,,9189,
585.NovemberCriminals(2017),5.3,31,9187,
586.TheWalkingDead(2010–2022)Episode:TheOtherSide(2017),6.6,,9153,
587.Lacasadepapel(2017–2021)Episode:Efectuarloacordado(2017),8.1,,9051,
588.TheLeisureSeeker(2017),6.7,45,9042,$3.23M
589.ElCaminoChristmas(2017),5.7,,8974,
590.BladeRunner:BlackOut2022(2017Video),7.3,,8896,
591.TheWalkingDead(2010–2022)Episode:TheBigScaryU(2017),7.2,,8852,
592.WetHotAmericanSummer:TenYearsLater(2017),6.9,,8841,
593.TheWhiskeyBandit(2017),7.3,,8813,
594.TheCured(2017),5.6,57,8811,$0.02M
595.TheDinner(I)(2017),4.5,57,8789,$1.32M
596.TheCrucifixion(2017),5.1,,8766,
597.Gojira:KaijûWakusei(2017),6.0,,8701,
598.SweetCountry(2017),6.9,88,8683,$0.10M
599.Submergence(2017),5.4,38,8673,
600.TheWalkingDead(2010–2022)Episode:SomethingTheyNeed(2017),7.5,,8640,
601.KillSwitch(I)(2017),4.7,31,8631,
602.Beomjoidosi(2017),7.2,,8629,
603.Rakka(2017),7.3,,8572,
604.QaribQaribSinglle(2017),7.1,,8558,
605.Alibi.com(2017),6.5,,8532,
606.TheNiceGuys:WordoftheDay(2017),7.6,,8531,
"607.13ReasonsWhy(2017–2020)Episode:Tape7,SideA(2017)",9.2,,8525,
608.Damnation(2017–2018),7.6,,8524,
"609.TheWalkingDead(2010–2022)Episode:TheKing,theWidowandRick(2017)",6.1,,8496,
610.ThePunisher(2017–2019)Episode:3AM(2017),8.5,,8484,
611.BimiluiSoop(2017–),8.5,,8483,
612.TheNileHiltonIncident(2017),6.7,70,8364,$0.08M
613.SmallCrimes(2017),5.8,60,8349,
614.TheLastWord(2017),6.6,40,8332,$1.78M
615.Clinical(2017),5.1,,8302,
616.BadDayfortheCut(2017),6.5,,8293,
617.SameKindofDifferentasMe(2017),6.6,47,8264,$6.42M
618.Blame!(2017),6.6,,8257,
619.Extortion(2017),6.2,,8256,
620.Unacknowledged(2017),7.0,,8240,
621.Gekijô-banSôdoÂtoOnrain:SwordArtOnline-Ôdinarusukêru-(2017),7.3,,8211,
622.Assassin'sCreed:Origins(2017VideoGame),8.5,,8193,
623.TheStar(2017),6.2,42,8187,$40.85M
624.4Blocks(2017–2019),8.2,,8183,
625.Mr.Robot(2015–2019)Episode:shutdown-r(2017),9.5,,8177,
626.BombCity(2017),6.8,65,8168,$0.06M
627.ZhanlangII(2017),5.9,44,8166,$2.72M
628.Riviera(2017–2020),6.6,,8158,
629.Mindhunter(2017–2019)Episode:Episode#1.1(2017),7.8,,8153,
630.AnInconvenientSequel:TruthtoPower(2017),6.6,68,8150,$3.50M
631.TheWalkingDead(2010–2022)Episode:TimeforAfter(2017),6.5,,8141,
632.MemeReview(2017–),8.6,,8135,
633.Viceroy'sHouse(2017),6.7,53,8129,$1.11M
634.Sachin(2017),8.5,,8127,
635.Raabta(2017),4.7,,8107,
636.PeakyBlinders(2013–2022)Episode:Heathens(2017),9.1,,8071,
637.LongShot(2017TVMovie),7.4,,8057,
638.TheFlash(2014–2023)Episode:Duet(2017),6.1,,8054,
639.2036:NexusDawn(2017),6.9,,7975,
640.ResidentEvil7:Biohazard(2017VideoGame),8.6,,7975,
641.Ozark(2017–2022)Episode:Sugarwood(2017),8.4,,7972,
642.DaveMadeaMaze(2017),6.3,60,7969,$0.03M
643.ThePunisher(2017–2019)Episode:MementoMori(2017),9.1,,7964,
644.Mukkabaaz(2017),8.0,,7955,
645.TheClapper(I)(2017),5.1,21,7935,
646.TheIncredibleJessicaJames(2017),6.5,72,7918,
647.Madame(I)(2017),6.1,45,7917,
648.Arrow(2012–2020)Episode:LianYu(2017),9.6,,7913,
649.Órbita9(2017),5.9,,7906,
650.Vengeance:ALoveStory(2017),5.2,,7892,
651.ThePunisher(2017–2019)Episode:DangerClose(2017),9.2,,7891,
652.Deadpool:NoGoodDeed(2017),8.0,,7882,
653.SickNote(2017–2018),6.8,,7798,
654.BigLittleLies(2017–2019)Episode:YouGetWhatYouNeed(2017),9.4,,7790,
655.Lou(I)(2017),7.8,,7770,
656.Lacasadepapel(2017–2021)Episode:Imprudenciasletales(2017),8.2,,7752,
657.Dismissed(2017),5.7,,7744,
658.TheGreatFather(2017),6.8,,7732,
659.Cheong-nyeon-gyeong-chal(2017),7.3,,7729,
660.Crashing(2017–2019),7.6,,7722,
661.6Below:MiracleontheMountain(2017),5.7,40,7708,
662.Vuelven(2017),6.9,76,7702,$0.13M
663.Foxtrot(II)(2017),7.2,88,7679,$0.62M
664.L'ascension(I)(2017),6.9,,7671,
665.StarTrek:Discovery(2017–)Episode:TheVulcanHello(2017),7.2,,7648,
"666.13ReasonsWhy(2017–2020)Episode:Tape1,SideA(2017)",8.2,,7639,
667.TikliandLaxmiBomb(2017),7.7,,7620,
668.BillBurr:WalkYourWayOut(2017TVSpecial),7.2,,7579,
669.Lady-Like(2017),5.6,,7579,
670.Bokeh(I)(2017),5.0,56,7534,
671.GreatNews(2017–2018),7.0,,7529,
672.DangshiniJamdeunSaie(2017),8.3,,7525,
673.HasanMinhaj:HomecomingKing(2017TVSpecial),8.2,,7519,
674.GetMeRogerStone(2017),7.3,75,7497,
675.Estiu1993(2017),7.1,81,7490,$0.18M
676.Zerudanodensetsu:Buresuobuzawairudo(2017VideoGame),9.5,,7487,
677.ShockandAwe(2017),6.3,47,7470,$0.08M
678.PrisonBreak(2005–2017)Episode:Ogygia(2017),8.4,,7470,
679.Yôkosojitsuryokushijôshuginokyôshitsue(2017–),7.7,,7458,
680.GetShorty(2017–2019),8.2,,7449,
681.TheLeftovers(2014–2017)Episode:TheBookofNora(2017),9.5,,7448,
682.WomanWalksAhead(2017),6.6,51,7440,$0.06M
683.Uncharted:TheLostLegacy(2017VideoGame),8.5,,7438,
684.Vremyapervykh(2017),7.2,,7431,
685.Gunhamdo(2017),7.1,60,7426,
686.Mr.Robot(2015–2019)Episode:eps3.7_dont-delete-me.ko(2017),9.1,,7425,
"687.13ReasonsWhy(2017–2020)Episode:Tape6,SideA(2017)",9.1,,7419,
688.JustGettingStarted(2017),4.5,21,7417,$6.07M
689.ThePunisher(2017–2019)Episode:VirtueoftheVicious(2017),9.1,,7411,
690.HalfGirlfriend(2017),4.5,,7407,
691.Lechalet(2017–2018),7.0,,7377,
692.BillNyeSavestheWorld(2017–2018),3.8,,7377,
693.Spielberg(2017TVMovie),7.7,,7351,
694.TheSonofBigfoot(2017),6.1,,7332,
695.AGentleman(2017),6.3,,7327,
696.AllNighter(2017),5.8,37,7284,
697.DevDD(2017–),6.4,,7250,
698.Lacasadepapel(2017–2021)Episode:Erraraldisparar(2017),8.1,,7222,
699.ThePunisher(2017–2019)Episode:TwoDeadMen(2017),8.1,,7217,
700.TwinPeaks(2017)Episode:Part8(2017),8.7,,7212,
701.Kiborgy.Heroyinevmyrayut(2017),7.5,,7210,
702.MyLittlePony:TheMovie(2017),6.0,39,7187,$21.89M
703.Mindhunter(2017–2019)Episode:Episode#1.2(2017),8.5,,7182,
704.Mindhunter(2017–2019)Episode:Episode#1.10(2017),9.1,,7170,
705.Fargo(2014–)Episode:TheLawofVacantPlaces(2017),8.5,,7156,
706.Unbeausoleilintérieur(2017),6.0,79,7121,$0.87M
707.Rockaway(2017),6.6,,7117,
708.Ozark(2017–2022)Episode:TheToll(2017),9.1,,7089,
709.Prodigy(2017),6.0,,7067,
710.2048:NowheretoRun(2017),6.8,,7060,
711.M.F.A.(2017),5.9,,7046,
712.Ryde(2017),5.7,,7022,
713.PeakyBlinders(2013–2022)Episode:TheDuel(2017),8.7,,7019,
714.Skybound(2017),4.6,,7016,
715.Sandomenosatsujin(2017),6.7,68,6976,$0.09M
716.PokémontheMovie:IChooseYou(2017),6.3,,6952,
717.NaamShabana(2017),6.2,,6947,
718.Fortnite(2017VideoGame),5.0,,6930,
719.ThePunisher(2017–2019)Episode:Kandahar(2017),8.3,,6928,
720.Ghosted(I)(2017),6.3,,6924,
721.StarTrek:Discovery(2017–)Episode:BattleattheBinaryStars(2017),7.4,,6920,
722.SiyahBeyazAsk(2017–2018),8.0,,6914,
723.PeakyBlinders(2013–2022)Episode:Blackbird(2017),8.5,,6903,
724.Lacasadepapel(2017–2021)Episode:CaballodeTroya(2017),8.1,,6902,
725.YolArkadasim(2017),6.1,,6900,
726.DoctorWho(2005–)Episode:TwiceUponaTime(2017),8.2,,6889,
727.TheSenseofanEnding(2017),6.4,61,6885,$1.24M
728.TheBalladofLeftyBrown(2017),6.3,64,6885,$0.01M
729.D'aprèsunehistoirevraie(I)(2017),5.7,43,6815,
730.TheSaint(2017TVMovie),4.9,,6806,
731.AlokoUdapadi(2017),8.3,,6795,
732.OHADiyorum(2017),1.6,,6783,
733.TheMostHatedWomaninAmerica(2017),6.1,41,6764,
734.Avicii:TrueStories(2017),7.6,,6753,
735.TheNutJob2:NuttybyNature(2017),5.5,36,6753,$28.37M
736.FindingYourFeet(2017),6.7,53,6740,$1.42M
737.TheBlacklist:Redemption(2017),7.0,,6738,
738.PeakyBlinders(2013–2022)Episode:Dangerous(2017),8.6,,6736,
739.ThondimuthalumDhriksakshiyum(2017),8.1,,6733,
740.LejeuneKarlMarx(2017),6.6,62,6700,$0.13M
741.OneofUs(IV)(2017),7.0,78,6680,
742.Singam3(2017),6.0,,6676,
743.Lacasadepapel(2017–2021)Episode:Elquelasiguelaconsigue(2017),8.5,,6667,
744.IAmHeathLedger(2017),7.3,68,6660,
745.StarWars:BattlefrontII(2017VideoGame),7.2,,6658,
746.Lacasadepapel(2017–2021)Episode:Eldíadelamarmota(2017),8.2,,6637,
747.Bose:Dead/Alive(2017),8.7,,6618,
748.Hampstead(2017),6.1,53,6618,$0.14M
"749.Ssam,Maiwei(2017)",8.1,,6612,
750.Claws(2017–2022),7.4,,6612,
751.TheSon(2017–2019),7.5,,6552,
752.LA92(2017),8.2,66,6547,
753.TheHandmaid'sTale(2017–)Episode:Offred(2017),8.2,,6538,
754.Zama(2017),6.7,89,6537,$0.20M
755.ThePunisher(2017–2019)Episode:Resupply(2017),8.3,,6526,
756.MarjoriePrime(2017),6.3,82,6512,$0.18M
757.ThePunisher(2017–2019)Episode:Gunner(2017),8.6,,6511,
758.Drone(I)(2017),5.4,49,6507,
759.CallofDuty:WWII(2017VideoGame),7.7,,6493,
760.ThePunisher(2017–2019)Episode:FrontTowardEnemy(2017),8.9,,6488,
761.Legion(2017–2019)Episode:Chapter1(2017),8.7,,6485,
762.Lucifer(2016–2021)Episode:AGoodDaytoDie(2017),9.3,,6481,
763.TakeOff(2017),8.1,,6479,
764.ThisCountry(2017–2020),8.5,,6478,
765.#Realityhigh(2017),5.1,,6478,
766.PhoenixForgotten(2017),5.3,33,6477,$3.60M
767.TheNeighbor(II)(2017),4.9,,6456,
768.Mr.Robot(2015–2019)Episode:eps3.0_power-saver-mode.h(2017),8.7,,6455,
769.StarTrek:Discovery(2017–)Episode:ContextIsforKings(2017),7.6,,6449,
"770.13ReasonsWhy(2017–2020)Episode:Tape6,SideB(2017)",9.0,,6445,
771.TheBeyond(2017),4.9,,6443,
772.Taboo(2017–)Episode:Episode#1.1(2017),8.4,,6436,
773.Lacasadepapel(2017–2021)Episode:LacálidaGuerraFría(2017),8.1,,6423,
774.Mindhunter(2017–2019)Episode:Episode#1.3(2017),8.2,,6397,
775.Hostile(I)(2017),5.4,,6389,
"776.13ReasonsWhy(2017–2020)Episode:Tape1,SideB(2017)",8.0,,6381,
777.Lacasadepapel(2017–2021)Episode:Refrigeradainestabilidad(2017),8.3,,6380,
778.WalkingOut(2017),5.8,79,6378,$0.10M
779.Devil'sGate(2017),5.1,37,6368,
780.FamousinLove(2017–2018),6.7,,6352,
781.BloodDrive(2017),7.2,,6350,
782.TheHattonGardenJob(2017),5.6,,6345,
783.ThePunisher(2017–2019)Episode:ColdSteel(2017),8.7,,6329,
784.Sharknado5:GlobalSwarming(2017TVMovie),3.9,,6315,
785.Voyeur(II)(2017),6.1,59,6310,
786.GreenhouseAcademy(2017–2020),6.6,,6305,
787.Underverden(2017),6.6,,6266,
788.FackjuGöhte3(2017),5.4,,6262,
789.Maanagaram(2017),8.1,,6258,
790.Lacasadepapel(2017–2021)Episode:Túlohasbuscado(2017),8.1,,6257,
791.AlphaGo(2017),7.8,,6245,
792.DirtyDancing(2017TVMovie),3.1,,6245,
793.ThePunisher(2017–2019)Episode:Crosshairs(2017),8.6,,6239,
794.AngamalyDiaries(2017),7.9,,6236,
795.Hagazussa(2017),5.8,72,6233,$0.01M
796.ThePunisher(2017–2019)Episode:TheJudasGoat(2017),8.2,,6223,
797.VictorCrowley(2017),5.5,,6184,
798.TheMaus(2017),4.7,,6181,
799.Ozark(2017–2022)Episode:BlueCat(2017),8.1,,6176,
800.BoJackHorseman(2014–2020)Episode:TheOldSugarmanPlace(2017),9.3,,6174,
801.Mr.Robot(2015–2019)Episode:eps3.1_undo.gz(2017),9.1,,6170,
802.Pieles(2017),6.1,,6163,
803.RedNoseDayActually(2017TVShort),7.1,,6149,
804.Mindhunter(2017–2019)Episode:Episode#1.5(2017),8.6,,6110,
805.ChristmasWeddingPlanner(2017TVMovie),4.4,,6109,
806.TheTriptoSpain(2017),6.6,66,6107,$1.16M
807.Lacasadepapel(2017–2021)Episode:Acontrarreloj(2017),8.6,,6103,
808.SomewhereBetween(2017),6.2,,6103,
809.Lacasadepapel(2017–2021)Episode:Seacabaronlasmáscaras(2017),8.4,,6102,
810.TakeMe(2017),6.1,56,6095,$0.00M
811.Mr.Robot(2015–2019)Episode:eps3.6_fredrick+tanya.chk(2017),9.0,,6088,
812.TwinPeaks(2017)Episode:Part1(2017),8.6,,6081,
813.Elautor(2017),6.5,58,6075,
814.Mindhunter(2017–2019)Episode:Episode#1.4(2017),8.2,,6064,
815.TomofFinland(2017),6.8,56,6042,$0.38M
816.Trial&Error(2017–2018),7.9,,6041,
817.JaiLavaKusa(2017),6.8,,6040,
818.68Kill(2017),6.0,56,6040,
819.Stephanie(I)(2017),5.8,,6016,
"820.13ReasonsWhy(2017–2020)Episode:Tape2,SideA(2017)",7.8,,6013,
821.Lucifer(2016–2021)Episode:OfftheRecord(2017),9.1,,5963,
822.Lacasadepapel(2017–2021)Episode:¿Quéhemoshecho?(2017),8.6,,5960,
823.StarshipTroopers:TraitorofMars(2017),5.5,,5943,
824.Lacasadepapel(2017–2021)Episode:Cuestióndeeficacia(2017),8.5,,5923,
825.HowardsEnd(2017–2018),7.2,,5904,
826.Lacasadepapel(2017–2021)Episode:Lacabezadelplan(2017),8.3,,5895,
827.FunMomDinner(2017),5.3,46,5875,
828.Pilgrimage(II)(2017),5.9,60,5853,
829.TheLeftovers(2014–2017)Episode:TheMostPowerfulManintheWorld(andHisIdenticalTwinBrother)(2017),9.3,,5841,
830.Gangcheolbi(2017),7.1,,5839,
831.Room104(2017–2020),6.1,,5822,
832.Nievenegra(2017),6.2,,5818,
"833.13ReasonsWhy(2017–2020)Episode:Tape2,SideB(2017)",8.0,,5798,
834.Unsacdebilles(2017),7.3,55,5789,$0.41M
835.JerryBeforeSeinfeld(2017TVSpecial),7.0,,5785,
836.Downrange(2017),5.5,42,5781,
837.Brockmire(2017–2020),8.0,,5780,
838.Jojakdoendosi(2017),6.8,,5779,
839.TheHousesOctoberBuilt2(2017),4.9,,5771,
840.BandAid(2017),6.6,67,5769,$0.24M
841.TheToysThatMadeUs(2017–2019),8.0,,5761,
842.Ozark(2017–2022)Episode:MyDrippingSleep(2017),7.6,,5756,
843.Kincsem(2017),7.3,,5746,
844.FinalPortrait(2017),6.3,70,5740,$0.46M
"845.BedooneTarikh,BedooneEmza(2017)",7.2,71,5738,$0.04M
846.DearBasketball(2017),7.3,,5736,
847.Bodied(2017),7.1,75,5729,$0.11M
"848.13ReasonsWhy(2017–2020)Episode:Tape3,SideA(2017)",8.1,,5728,
849.Mr.Robot(2015–2019)Episode:eps3.2_legacy.so(2017),8.7,,5706,
850.UnlugarenelCaribe(2017),7.5,,5699,
851.I'mSorry.(2017–2020),8.0,,5695,
852.Mindhunter(2017–2019)Episode:Episode#1.6(2017),7.9,,5684,
853.TheCheat(2017–2020),8.3,,5673,
854.Ozark(2017–2022)Episode:Kaleidoscope(2017),7.5,,5668,
"855.Ozark(2017–2022)Episode:Coffee,Black(2017)",8.7,,5665,
856.TeamThor:Part2(2017Video),7.4,,5648,
857.RobotiAniya(2017–2018),8.0,,5645,
858.Mindhunter(2017–2019)Episode:Episode#1.9(2017),8.5,,5644,
"859.13ReasonsWhy(2017–2020)Episode:Tape4,SideA(2017)",8.3,,5636,
860.ConorMcGregor:Notorious(2017),7.1,,5625,
861.BigLittleLies(2017–2019)Episode:Somebody'sDead(2017),8.0,,5624,
862.JackWhitehall:TravelswithMyFather(2017–2021),7.6,,5614,
863.Aritmiya(2017),7.4,,5613,
"864.13ReasonsWhy(2017–2020)Episode:Tape5,SideB(2017)",8.5,,5595,
865.Mindhunter(2017–2019)Episode:Episode#1.7(2017),8.2,,5589,
866.Fargo(2014–)Episode:WhoRulestheLandofDenial?(2017),8.9,,5589,
"867.13ReasonsWhy(2017–2020)Episode:Tape5,SideA(2017)",8.6,,5588,
868.FukreyReturns(2017),6.5,,5585,
869.Hvavilfolksi(2017),7.4,69,5583,$0.04M
870.TwinPeaks(2017)Episode:Part2(2017),8.6,,5564,
871.LeRedoutable(2017),6.6,55,5549,$0.08M
872.Jizhizhuiji(2017),4.7,,5546,
873.Abstract:TheArtofDesign(2017–),8.3,,5538,
874.Lore(2017–2018),6.6,,5526,
"875.13ReasonsWhy(2017–2020)Episode:Tape3,SideB(2017)",7.9,,5525,
876.Fargo(2014–)Episode:TheLawofNon-Contradiction(2017),7.9,,5523,
877.Mindhunter(2017–2019)Episode:Episode#1.8(2017),8.1,,5518,
878.Pokot(2017),6.3,67,5503,
879.Vikings(2013–2020)Episode:OntheEve(2017),8.9,,5489,
880.TheMiniaturist(2017),7.0,,5486,
881.Zygote(I)(2017),7.2,,5483,
882.CastingJonBenet(2017),6.1,74,5482,
883.StarTrek:Discovery(2017–)Episode:TheButcher'sKnifeCaresNotfortheLamb'sCry(2017),7.1,,5476,
884.MeriPyaariBindu(2017),6.0,,5472,
885.TheConfessionTapes(2017–),7.5,,5464,
"886.13ReasonsWhy(2017–2020)Episode:Tape4,SideB(2017)",8.0,,5458,
887.Ozark(2017–2022)Episode:TonightWeImprovise(2017),8.0,,5443,
888.1987(2017),7.8,,5429,
889.StarTrek:Discovery(2017–)Episode:MagictoMaketheSanestManGoMad(2017),7.5,,5417,
890.Oasis(2017TVMovie),8.0,,5391,
891.MutlulukZamani(2017),5.9,,5387,
892.Vikings(2013–2020)Episode:Revenge(2017),8.8,,5385,
893.StarTrek:Discovery(2017–)Episode:ChooseYourPain(2017),7.3,,5380,
894.RegularShow(2009–2017)Episode:ARegularEpicFinalBattle(2017),9.8,,5379,
895.MassEffect:Andromeda(2017VideoGame),6.9,,5378,
896.MeinBlindDatemitdemLeben(2017),7.0,,5374,
897.TrevorNoah:AfraidoftheDark(2017TVSpecial),7.3,,5367,
898.TheLoch(2017),6.9,,5357,
899.TheHandmaid'sTale(2017–)Episode:Night(2017),9.0,,5355,
900.Feral(2017),4.5,41,5355,
901.TheHandmaid'sTale(2017–)Episode:BirthDay(2017),8.1,,5354,
902.TheHandmaid'sTale(2017–)Episode:Late(2017),8.6,,5347,
903.DuvvadaJagannadham(2017),5.8,,5340,
904.KeepingFaith(2017–2021),7.1,,5335,
905.Yoruwamijikashiarukeyootome(2017),7.5,65,5327,$0.41M
906.SPF-18(2017),3.3,,5317,
907.Stratton(2017),4.8,26,5304,
908.CrashPad(I)(2017),5.8,46,5302,
909.TheExpanse(2015–2022)Episode:Home(2017),9.4,,5293,
910.BeesMakeHoney(2017),4.9,,5290,
911.JohnWick:KillCount(2017Video),8.0,,5289,
912.ChasingCoral(2017),8.1,86,5289,
913.Jackals(I)(2017),5.0,33,5286,
914.TumhariSulu(2017),7.0,,5284,
915.BoJackHorseman(2014–2020)Episode:StupidPieceofSh*t(2017),9.1,,5283,
916.TwinPeaks(2017)Episode:Part16(2017),9.5,,5276,
917.BottomoftheWorld(2017),5.1,,5276,
918.SoosanghanPateuneo(2017),7.8,,5275,
919.November(2017),7.2,79,5249,$0.02M
920.PrisonBreak(2005–2017)Episode:KanielOutis(2017),8.2,,5243,
921.DoctorWho(2005–)Episode:WorldEnoughandTime(2017),9.1,,5240,
922.DoctorWho(2005–)Episode:TheDoctorFalls(2017),8.9,,5236,
923.DhakaAttack(2017),7.6,,5233,
924.Ozark(2017–2022)Episode:RulingDays(2017),7.9,,5232,
925.SMILF(2017–2019),6.7,,5226,
926.Fargo(2014–)Episode:SomebodytoLove(2017),8.5,,5222,
927.AmericanHorrorStory(2011–)Episode:ElectionNight(2017),6.5,,5221,
928.Jane(II)(2017),7.8,87,5195,$1.72M
929.IseYararBirSey(2017),7.6,,5194,
930.Andover(2017),5.5,,5193,
931.Fargo(2014–)Episode:ThePrincipleofRestrictedChoice(2017),8.0,,5192,
932.DoctorWho(2005–)Episode:ThePilot(2017),7.8,,5188,
933.IbeonSaengeunCheoeumira(2017),8.1,,5168,
934.Ozark(2017–2022)Episode:BookofRuth(2017),8.0,,5164,
935.TwinPeaks(2017)Episode:Part3(2017),8.4,,5160,
936.Mr.Robot(2015–2019)Episode:eps3.3_m3tadata.par2(2017),8.3,,5155,
937.ThisIsYourDeath(2017),5.6,35,5154,
938.Lefidèle(2017),6.3,50,5153,$0.05M
939.TheBachelors(2017),6.8,54,5146,
940.TheCrown(2016–)Episode:DearMrs.Kennedy(2017),9.1,,5136,
941.DearDictator(2017),5.0,44,5134,
942.TheGoodPlace(2016–2020)Episode:Michael'sGambit(2017),9.3,,5129,
943.Gemini(II)(2017),5.4,71,5128,$0.20M
944.BrooklynNine-Nine(2013–2021)Episode:HalloVeen(2017),9.4,,5107,
945.Jamestown(2017–2019),6.9,,5106,
946.Temple(2017),3.7,23,5105,
947.Ali'sWedding(2017),6.9,64,5103,
948.Ozark(2017–2022)Episode:NestBox(2017),8.0,,5100,
949.F*&%theProm(2017),4.2,,5099,
950.IstanbulKirmizisi(2017),5.4,,5098,
951.GhostWars(2017–2018),6.2,,5079,
952.AppleTreeYard(2017),7.2,,5057,
953.Mr.Robot(2015–2019)Episode:eps3.8_stage3.torrent(2017),8.6,,5030,
954.OutsideIn(2017),6.7,76,5025,$0.07M
955.Égmanþig(2017),6.1,,5020,
956.HappyFamily(2017),4.8,,5016,
957.Vikings(2013–2020)Episode:Crossings(2017),8.5,,5011,
958.TheOrville(2017–)Episode:OldWounds(2017),7.4,,5010,
959.CubaandtheCameraman(2017),8.2,82,5005,
960.Mr&MmeAdelman(2017),7.3,,5001,
961.Dvizhenievverkh(2017),6.7,,5000,
962.MyDaysofMercy(2017),6.5,,5000,
963.AmericanGods(2017–2021)Episode:TheBoneOrchard(2017),8.1,,4999,
964.Vikings(2013–2020)Episode:TheReckoning(2017),8.8,,4995,
965.StarTrek:Discovery(2017–)Episode:Lethe(2017),7.3,,4986,
966.Whitney:CanIBeMe(2017),6.8,64,4983,
967.Thupparivaalan(2017),7.5,,4972,
968.Hwayugi(2017–2018),8.0,,4972,
969.Baadshaho(2017),4.9,,4971,
970.TwinPeaks(2017)Episode:Part4(2017),8.5,,4962,
971.TheChildinTime(2017TVMovie),6.1,,4954,
972.Moontrap:TargetEarth(2017),3.7,,4946,
973.Vårtidärnu(2017–),8.2,,4944,
974.FreakShow(2017),6.6,54,4937,$0.02M
975.SuperSizeMe2:HolyChicken!(2017),7.1,61,4931,
976.Undirtrénu(2017),6.8,75,4929,$0.07M
977.Alien:Covenant-Prologue:TheCrossing(2017),7.1,,4905,
978.Firebase(2017),7.0,,4902,
979.TheLeftovers(2014–2017)Episode:G'DayMelbourne(2017),9.2,,4891,
980.Fidaa(2017),7.4,,4887,
981.TylerPerry'sBoo2!AMadeaHalloween(2017),3.9,17,4884,$47.32M
982.ThePutinInterviews(2017),7.5,,4882,
983.ThisIsUs(2016–2022)Episode:Memphis(2017),9.5,,4877,
984.DeathRace2050(2017Video),3.7,,4876,
985.TheDefenders(2017)Episode:WorstBehavior(2017),8.8,,4876,
986.Rangoon(II)(2017),5.6,,4862,
987.TheDefenders(2017)Episode:TheHWord(2017),7.3,,4852,
988.TheHandmaid'sTale(2017–)Episode:AWoman'sPlace(2017),8.7,,4847,
989.StarTrek:Discovery(2017–)Episode:IntotheForestIGo(2017),7.9,,4839,
990.Taboo(2017–)Episode:Episode#1.2(2017),8.2,,4835,
991.Cequinouslie(2017),6.8,58,4832,$0.26M
992.LittleBoyBlue(2017),7.8,,4822,
993.TheCrown(2016–)Episode:Vergangenheit(2017),9.1,,4815,
994.BigLittleLies(2017–2019)Episode:SeriousMothering(2017),8.1,,4812,
995.Pottersville(2017),5.4,,4812,
996.FiveCameBack(2017),8.3,,4798,
997.Fargo(2014–)Episode:TheNarrowEscapeProblem(2017),8.2,,4797,
998.TheCakemaker(2017),7.3,74,4796,$0.88M
999.TruthorDare(2017TVMovie),5.0,,4791,
"1,000.KolonyaCumhuriyeti(2017)",5.8,,4784,
