,Movies Names,Ratings,Metascore,votes,Gross
0,1.Logan(2017),8.1,77,759679,226.28M
1,2.Thor:Ragnarok(2017),7.9,74,748158,315.06M
2,3.GuardiansoftheGalaxyVol.2(2017),7.6,67,677987,389.81M
3,4.WonderWoman(2017),7.4,76,656903,412.56M
4,5.Dunkirk(2017),7.8,94,655272,188.37M
5,6.Spider-Man:Homecoming(2017),7.4,73,653844,334.20M
6,7.StarWars:EpisodeVIII-TheLastJedi(2017),6.9,84,630199,620.18M
7,8.GetOut(I)(2017),7.7,85,605353,176.04M
8,9.BladeRunner2049(2017),8.0,81,568155,92.05M
9,10.It(I)(2017),7.3,69,547095,327.48M
10,11.BabyDriver(2017),7.6,86,535802,107.83M
11,"12.ThreeBillboardsOutsideEbbing,Missouri(2017)",8.1,88,505244,54.51M
12,13.Coco(I)(2017),8.4,81,503790,209.73M
13,14.Lacasadepapel(2017–2021),8.2,,474628,
14,15.JusticeLeague(2017),6.1,45,452765,229.02M
15,16.JohnWick:Chapter2(2017),7.4,75,431042,92.03M
16,17.TheShapeofWater(2017),7.3,87,419808,63.86M
17,18.Jumanji:WelcometotheJungle(2017),6.9,58,380366,404.52M
18,19.Dark(2017–2020),8.7,,379836,
19,20.Kingsman:TheGoldenCircle(2017),6.7,44,328345,100.23M
20,21.Kong:SkullIsland(2017),6.6,62,319935,168.05M
21,22.Ozark(2017–2022),8.5,,314034,
22,23.PiratesoftheCaribbean:DeadMenTellNoTales(2017),6.5,39,312101,172.56M
23,24.BeautyandtheBeast(I)(2017),7.1,65,309427,504.01M
24,25.13ReasonsWhy(2017–),7.5,,292139,
25,26.LadyBird(2017),7.4,93,290704,48.96M
26,27.Mindhunter(2017–2019),8.6,,287371,
27,28.Alien:Covenant(2017),6.4,65,282449,74.26M
28,29.TheGreatestShowman(2017),7.5,48,281801,174.34M
29,30.CallMebyYourName(2017),7.8,93,272328,18.10M
30,31.MurderontheOrientExpress(2017),6.5,52,258444,102.83M
31,32.WarforthePlanetoftheApes(2017),7.4,82,257873,146.88M
32,33.WindRiver(2017),7.7,73,252171,33.80M
33,34.ThePunisher(2017–2019),8.5,,235629,
34,35.TheHandmaid'sTale(2017–),8.4,,235124,
35,36.TheFateoftheFurious(2017),6.6,56,232754,226.01M
36,37.Life(I)(2017),6.6,54,232137,30.23M
37,38.TheHitman'sBodyguard(2017),6.9,47,231791,75.47M
38,39.Mother!(2017),6.6,75,226972,17.80M
39,40.KingArthur:LegendoftheSword(2017),6.7,41,217818,39.18M
40,"41.I,Tonya(2017)",7.5,77,216481,30.01M
41,42.GhostintheShell(2017),6.3,52,215811,40.56M
42,43.DarkestHour(2017),7.4,75,203198,56.47M
43,44.BigLittleLies(2017–2019),8.5,,198743,
44,45.AtomicBlonde(2017),6.7,63,194873,51.69M
45,46.TheMummy(2017),5.4,34,191122,80.10M
46,47.Bright(I)(2017),6.3,29,190113,
47,48.TheEndoftheF***ingWorld(2017–2019),8.1,,189786,
48,49.Baywatch(2017),5.5,37,187342,58.06M
49,50.AmericanMade(2017),7.1,65,185212,51.34M
50,51.ValerianandtheCityofaThousandPlanets(2017),6.4,51,182475,41.19M
51,52.Molly'sGame(2017),7.4,71,172875,28.78M
52,53.Wonder(I)(2017),7.9,66,165044,132.42M
53,54.TheKillingofaSacredDeer(2017),7.0,73,155395,2.29M
54,55.TheDisasterArtist(2017),7.3,76,154727,21.12M
55,56.TheLegoBatmanMovie(2017),7.3,75,152635,175.75M
56,57.Transformers:TheLastKnight(2017),5.2,27,152432,130.17M
57,58.ThePost(2017),7.2,83,151823,81.90M
58,59.LoganLucky(2017),7.0,78,150774,27.78M
59,60.Riverdale(2017–),6.6,,145160,
60,61.HappyDeathDay(2017),6.6,58,143414,55.68M
61,62.TheDarkTower(2017),5.6,34,139486,50.70M
62,63.Taboo(2017–),8.3,,138564,
63,64.DespicableMe3(2017),6.2,49,136645,264.62M
64,65.TheBigSick(2017),7.5,86,136106,42.87M
65,66.Annabelle:Creation(2017),6.5,62,135682,102.09M
66,67.PhantomThread(2017),7.4,90,133262,21.02M
67,68.IronFist(2017–2018),6.4,,131431,
68,69.TheBossBaby(2017),6.3,50,127897,175.00M
69,70.T2Trainspotting(2017),7.2,67,125019,2.40M
70,71.GoodTime(2017),7.3,80,124602,2.03M
71,72.TheSinner(2017–2021),7.9,,124314,
72,73.WhatHappenedtoMonday(2017),6.8,47,123855,
73,74.StarTrek:Discovery(2017–),7.0,,123069,
74,75.Okja(2017),7.3,75,122228,
75,76.YouWereNeverReallyHere(2017),6.7,84,120005,2.52M
76,77.Gifted(2017),7.6,60,117606,24.80M
77,78.TheForeigner(I)(2017),7.0,55,115543,34.39M
78,79.TheFloridaProject(2017),7.6,92,115256,5.90M
79,80.TheMarvelousMrs.Maisel(2017–),8.7,,114213,
80,81.Downsizing(2017),5.8,63,111650,24.45M
81,82.Gerald'sGame(2017),6.5,77,111212,
82,83.Geostorm(2017),5.3,21,108904,33.70M
83,84.PowerRangers(2017),5.9,44,108807,85.36M
84,85.TheDefenders(2017),7.2,,108176,
85,86.TheDeathofStalin(2017),7.2,88,103823,8.04M
86,87.FiftyShadesDarker(2017),4.5,33,103439,114.38M
87,88.TheRitual(I)(2017),6.3,57,101984,
88,89.Baahubali2:TheConclusion(2017),8.2,,101866,
89,90.Cars3(2017),6.7,59,101073,152.90M
90,91.TheGoodDoctor(2017–),8.1,,94883,
91,92.ItComesatNight(2017),6.2,78,94832,13.99M
92,93.TheBabysitter(I)(2017),6.3,,94200,
93,94.TheCircle(I)(2017),5.3,43,93470,20.50M
94,95.xXx:ReturnofXanderCage(2017),5.2,42,92739,44.90M
95,96.Legion(2017–2019),8.2,,91411,
96,97.GameofThrones(2011–2019)Episode:TheSpoilsofWar(2017),9.7,,89563,
97,98.Atypical(2017–2021),8.3,,88942,
98,99.TheOrville(2017–),8.0,,87363,
99,100.ShotCaller(2017),7.3,59,87355,
100,101.AmericanGods(2017–2021),7.7,,86778,
101,102.GoinginStyle(2017),6.6,50,86201,45.02M
102,103.Hostiles(2017),7.2,65,86021,29.82M
103,104.AlltheMoneyintheWorld(2017),6.8,72,85804,25.11M
104,105.DeathNote(I)(2017),4.5,43,85520,
105,106.AmericanAssassin(2017),6.2,45,83341,36.25M
106,107.Jigsaw(I)(2017),5.7,39,80522,38.05M
107,108.BigMouth(2017–),7.9,,79604,
108,109.Paddington2(2017),7.8,88,79341,40.44M
109,110.Papillon(I)(2017),7.2,51,76302,2.34M
110,111.TheMountainBetweenUs(2017),6.4,48,75952,30.35M
111,112.Daddy'sHome2(2017),6.0,30,74211,104.03M
112,113.Reis(2017),1.0,,73620,
113,114.ADog'sPurpose(2017),7.2,43,73053,64.51M
114,115.AGhostStory(2017),6.8,84,73041,1.60M
115,116.OnlytheBrave(2017),7.6,72,70419,18.34M
116,117.SantaClaritaDiet(2017–2019),7.8,,68497,
117,118.TwinPeaks(2017),8.5,,67948,
118,119.Godless(2017),8.3,,67861,
119,120.BrawlinCellBlock99(2017),7.1,79,67388,
120,121.TheSquare(2017),7.2,73,66012,1.50M
121,122.Castlevania(2017–2021),8.3,,65871,
122,123.GameofThrones(2011–2019)Episode:BeyondtheWall(2017),9.0,,65313,
123,124.GameofThrones(2011–2019)Episode:TheDragonandtheWolf(2017),9.4,,65220,
124,125.TheSnowman(2017),5.1,23,65159,6.67M
125,126.TheEmojiMovie(2017),3.3,12,65001,86.09M
126,127.PitchPerfect3(2017),5.8,40,64985,104.90M
127,128.1922(2017),6.2,70,64410,
128,129.YoungSheldon(2017–),7.6,,61843,
129,130.ASeriesofUnfortunateEvents(2017–2019),7.8,,61229,
130,131.Manhunt(II)(2017–),8.1,,59921,
131,132.Idon'tfeelathomeinthisworldanymore.(2017),6.9,75,58563,
132,133.LovingVincent(2017),7.8,62,58462,6.74M
133,134.TheBeguiled(2017),6.3,77,58099,10.58M
134,135.Ferdinand(2017),6.7,58,57957,84.41M
135,136.Jungle(I)(2017),6.7,48,57732,
136,137.TheUpside(2017),7.0,46,57159,108.25M
137,138.FirstReformed(2017),7.1,85,57126,3.45M
138,139.BattleoftheSexes(2017),6.7,73,56252,12.64M
139,140.47MetersDown(2017),5.6,52,56022,44.31M
140,141.Anne(2017–2019),8.7,,55292,
141,142.Detroit(2017),7.3,77,53508,16.79M
142,143.TheSpaceBetweenUs(I)(2017),6.4,33,53441,7.89M
143,144.BeforeIFall(2017),6.4,58,53037,12.24M
144,145.RoughNight(2017),5.2,51,52704,22.06M
145,146.BlackMirror(2011–2019)Episode:USSCallister(2017),8.3,,52563,
146,147.BlackMirror(2011–2019)Episode:HangtheDJ(2017),8.7,,52543,
147,148.GameofThrones(2011–2019)Episode:Dragonstone(2017),8.5,,51854,
148,149.ABadMomsChristmas(2017),5.6,42,51283,72.11M
149,150.Icarus(2017),7.9,68,50464,
150,151.TotheBone(I)(2017),6.8,64,50125,
151,152.Mudbound(2017),7.4,85,49824,
152,153.TheMeyerowitzStories(NewandSelected)(2017),6.9,79,49744,
153,154.CHIPS(2017),6.0,28,48459,18.60M
154,155.Flatliners(2017),5.2,27,47795,16.87M
155,156.GameofThrones(2011–2019)Episode:TheQueen'sJustice(2017),9.1,,47514,
156,157.WarMachine(2017),6.0,56,47125,
157,158.GLOW(2017–2019),8.0,,46848,
158,159.Stronger(I)(2017),6.9,76,45708,4.21M
159,160.GameofThrones(2011–2019)Episode:Stormborn(2017),8.8,,45309,
160,161.VikramVedha(2017),8.3,,45301,
161,162.Raees(2017),6.6,,45074,
162,163.GameofThrones(2011–2019)Episode:Eastwatch(2017),8.7,,45038,
163,164.TheHouse(I)(2017),5.6,30,44857,25.48M
164,165.Suburbicon(2017),5.7,42,44732,5.78M
165,166.Cargo(I)(2017),6.3,65,44156,
166,167.Revenge(II)(2017),6.4,81,44047,0.10M
167,168.TheZookeeper'sWife(2017),7.0,57,43745,17.45M
168,169.TheEndless(I)(2017),6.5,80,43484,0.27M
169,170.Thoroughbreds(2017),6.6,75,43267,2.83M
170,171.FistFight(2017),5.6,37,43136,32.19M
171,172.BlackMirror(2011–2019)Episode:BlackMuseum(2017),8.6,,43105,
172,173.IngridGoesWest(2017),6.6,71,42788,3.02M
173,174.Verónica(I)(2017),6.2,,42391,
174,175.BluePlanetII(2017–2022),9.3,,41258,
175,176.Rings(2017),4.5,25,41158,27.79M
176,177.BlackMirror(2011–2019)Episode:Arkangel(2017),7.3,,40989,
177,178.TheWife(I)(2017),7.2,77,40248,9.60M
178,179.Ayla:TheDaughterofWar(2017),8.3,,40104,
179,"180.Everything,Everything(2017)",6.3,52,39397,34.00M
180,181.Happy!(2017–2019),8.1,,39262,
181,182.CumaliCeber:AllahSeniAlsin(2017),1.0,,39057,
182,"183.RomanJ.Israel,Esq.(2017)",6.5,58,38710,11.96M
183,184.BlackMirror(2011–2019)Episode:Crocodile(2017),7.3,,38620,
184,185.GirlsTrip(2017),6.2,71,37935,115.17M
185,186.Kidnap(I)(2017),5.9,44,37430,30.72M
186,187.TimeTrap(2017),6.2,46,37342,
187,188.BlackMirror(2011–2019)Episode:Metalhead(2017),6.6,,36564,
188,189.TheShack(I)(2017),6.2,32,36327,57.39M
189,190.Victoria&Abdul(2017),6.8,58,36153,22.25M
190,191.Snatched(2017),4.6,45,35915,45.83M
191,192.Unlocked(I)(2017),6.3,46,35775,
192,193.TheGifted(I)(2017–2019),7.3,,35349,
193,194.Mersal(2017),7.5,,34954,
194,195.GhostStories(I)(2017),6.4,68,34892,0.14M
195,196.TheDiscovery(I)(2017),6.2,54,34787,
196,197.Gi-eok-uibam(2017),7.4,,34621,
197,198.ShingekinoKyojin(2013–2023)Episode:Warrior(2017),9.8,,34279,
198,199.TheGlassCastle(2017),7.1,56,34171,17.27M
199,200.Nelyubov(2017),7.6,86,33437,0.57M
200,201.Krym(I)(2017),3.6,,33411,
201,202.AliasGrace(2017),7.7,,33407,
202,203.AusdemNichts(2017),7.1,65,33355,0.32M
203,204.Thelma(2017),7.0,74,32979,0.15M
204,205.HomeAgain(2017),5.8,41,32886,27.02M
205,206.Sleepless(III)(2017),5.6,34,32829,20.78M
206,207.IKillGiants(2017),6.1,74,32683,
207,208.RickandMorty(2013–)Episode:TheRicklantisMixup(2017),9.8,,32530,
208,209.Marrowbone(2017),6.7,63,32501,0.00M
209,210.BorgMcEnroe(2017),6.9,63,32393,14.11M
210,211.Disobedience(2017),6.6,74,31731,3.48M
211,212.God'sOwnCountry(2017),7.6,85,31449,0.34M
212,213.AmericanVandal(2017–2018),8.1,,31069,
213,214.TigerZindaHai(2017),5.9,,29548,
214,215.WhattheHealth(2017),7.2,,29501,
215,216.HindiMedium(2017),7.8,,29448,
216,217.TheDeuce(2017–2019),8.1,,29314,
217,218.Table19(2017),5.8,40,29106,3.61M
218,219.WonderWheel(2017),6.2,45,29076,1.40M
219,220.CaptainUnderpants:TheFirstEpicMovie(2017),6.2,69,29008,73.92M
220,221.TheChosen(2017–),9.4,,28409,
221,222.TheGoodFight(2017–2022),8.3,,28285,
222,223.TheCurrentWar(2017),6.5,55,27962,
223,224.Teströléslélekröl(2017),7.5,77,27959,
224,225.FantasticBeastsandWheretoFindThem:Newt(2017Video),7.2,,27874,
225,226.StrangerThings(2016–)Episode:ChapterSeven:TheLostSister(2017),6.1,,27871,
226,227.GoodbyeChristopherRobin(2017),7.1,54,27869,1.74M
227,228.TheBookofHenry(2017),6.6,31,27797,4.22M
228,229.Sherlock(2010–2017)Episode:TheFinalProblem(2017),8.1,,27778,
229,230.TheWall(II)(2017),6.2,57,27699,1.80M
230,231.Counterpart(2017–2019),8.0,,27691,
231,232.Sherlock(2010–2017)Episode:TheLyingDetective(2017),9.1,,27600,
232,233.Kaabil(2017),7.1,,27330,
233,234.Elbar(2017),6.3,,27290,
234,235.Creep2(2017),6.4,75,27230,
235,236.Inhumans(2017),4.9,,27014,
236,237.SecretSuperstar(2017),7.8,,26756,
237,238.TheLegoNinjagoMovie(2017),6.0,55,26709,59.28M
238,239.ProfessorMarstonandtheWonderWomen(2017),7.0,68,26670,1.59M
239,240.Den12.mann(2017),7.3,70,26515,
240,241.Runaways(2017–2019),6.9,,26504,
241,"242.Jim&Andy:TheGreatBeyond-FeaturingaVerySpecial,ContractuallyObligatedMentionofTonyClifton(2017)",7.6,77,26359,
242,243.JusticeLeagueDark(2017Video),7.0,,26316,
243,244.SEALTeam(2017–),7.7,,26237,
244,245.CultofChucky(2017),5.2,69,26131,
245,246.LastFlagFlying(2017),6.9,65,26113,0.97M
246,247.TheWizardofLies(2017TVMovie),6.8,,26035,
247,248.UnaMujerFantástica(2017),7.2,86,25874,2.02M
248,249.TheOttomanLieutenant(2017),6.4,26,25873,
249,250.TheBreadwinner(2017),7.7,78,25824,0.31M
250,251.ArjunReddy(2017),8.0,,25766,
251,252.JollyLLB2(2017),7.2,,25739,
252,253.BlackLightning(2017–2021),6.1,,25729,
253,254.BerlinSyndrome(2017),6.2,70,25683,0.03M
254,255.FutureMan(2017–2020),7.7,,25626,
255,256.DearWhitePeople(2017–2021),6.2,,25515,
256,257.TheMist(2017),5.4,,25380,
257,258.Kameraotomeruna!(2017),7.6,86,25175,
258,259.Aftermath(IV)(2017),5.7,44,25150,
259,260.Taeksiwoonjunsa(2017),7.9,69,25084,1.53M
260,261.ShingekinoKyojin(2013–2023)Episode:Scream(2017),9.7,,24987,
261,262.TheVietnamWar(2017),9.1,,24910,
262,263.BabylonBerlin(2017–),8.4,,24893,
263,264.CrookedHouse(2017),6.3,59,24871,
264,265.Sherlock(2010–2017)Episode:TheSixThatchers(2017),7.6,,24662,
265,266.Marshall(2017),7.3,66,24607,10.05M
266,267.Leatherface(2017),5.0,40,24568,
267,268.TheByeByeMan(2017),4.3,37,24494,22.38M
268,269.MomandDad(2017),5.5,59,24424,
269,270.MeganLeavey(2017),7.1,66,24299,13.41M
270,271.S.W.A.T.(2017–),7.1,,24042,
271,272.Lucky(I)(2017),7.3,80,24014,0.96M
272,273.AileArasinda(2017),7.7,,23991,
273,274.SandCastle(2017),6.3,45,23944,
274,275.APrayerBeforeDawn(2017),6.8,76,23920,
275,276.BareillyKiBarfi(2017),7.5,,23914,
276,277.StrangerThings(2016–)Episode:ChapterNine:TheGate(2017),9.3,,23801,
277,278.2:22(2017),5.7,,23755,
278,279.SuperDarkTimes(2017),6.6,75,23699,0.03M
279,280.AllEyezonMe(2017),5.8,38,23500,44.92M
280,281.BlackClover(2017–2021),8.3,,23475,
281,282.TheLittleHours(2017),5.8,69,23299,1.65M
282,283.iBoy(2017),5.9,50,23263,
283,284.JeepersCreepers3(2017),3.9,,23133,
284,285.Breathe(I)(2017),7.1,51,22938,0.49M
285,286.TheKeepers(II)(2017),8.0,,22866,
286,287.Dynasty(2017–2022),7.2,,22774,
287,288.Salvation(2017–2018),6.9,,22658,
288,289.BetterCallSaul(2015–2022)Episode:Chicanery(2017),9.7,,22577,
289,290.6Days(I)(2017),6.2,36,22354,
290,291.Mr.Mercedes(2017–2019),7.8,,22316,
291,292.TheSuper(2017),5.5,47,22231,
292,293.BeyondSkyline(2017),5.3,46,22198,
293,294.Mayhem(2017),6.4,62,22133,
294,295.Smurfs:TheLostVillage(2017),5.9,40,21926,45.02M
295,296.Toilet-EkPremKatha(2017),7.2,,21860,
296,297.LittleEvil(2017),5.7,,21814,
297,298.RickandMorty(2013–)Episode:TheRickshankRickdemption(2017),9.6,,21786,
298,299.MyFriendDahmer(2017),6.2,68,21739,1.36M
299,300.Boruto:NarutoNextGenerations(2017–),6.7,,21537,
300,301.TheBoldType(2017–2021),7.8,,21483,
301,302.TulipFever(2017),6.2,38,21447,2.43M
302,303.Chalardgamesgoeng(2017),7.6,,21290,
303,304.StrangerThings(2016–)Episode:ChapterEight:TheMindFlayer(2017),9.2,,21263,
304,305.FriendsfromCollege(2017–2019),6.9,,21251,
305,306.SongtoSong(I)(2017),5.6,54,21188,0.44M
306,307.WishUpon(2017),5.0,32,21130,14.30M
307,308.JabHarryMetSejal(2017),5.0,,21086,
308,309.Wheelman(2017),6.4,66,20915,
309,310.LovingPablo(2017),6.3,42,20756,0.02M
310,311.Tubelight(2017),3.9,,20582,
311,312.Knightfall(2017–2019),6.8,,20557,
312,313.Haganenorenkinjutsushi(2017),5.3,48,20494,
313,314.Training'JohnWick'(2017Video),7.6,,20474,
314,315.Newton(2017),7.6,,20323,
315,316.Naked(I)(2017),5.4,36,20075,
316,317.FatherFigures(2017),5.5,22,20057,17.50M
317,318.AbductedinPlainSight(2017),6.8,,20013,
318,319.TheDawnWall(2017),8.1,81,19902,1.08M
319,320.Feud(2017–),8.4,,19878,
320,321.AChristmasPrince(2017),5.8,,19859,
321,322.OnceUponaTimeinVenice(2017),5.3,28,19801,
322,323.StrangerThings(2016–)Episode:ChapterOne:MADMAX(2017),8.2,,19794,
323,324.UnicornStore(2017),5.6,44,19682,
324,325.MyCousinRachel(2017),6.0,63,19648,2.68M
325,326.StrangerThings(2016–)Episode:ChapterSix:TheSpy(2017),9.1,,19565,
326,327.Security(I)(2017),5.7,,19531,
327,328.TocToc(2017),6.8,,19529,
328,329.HotSummerNights(2017),6.3,44,19513,
329,330.RickandMorty(2013–)Episode:PickleRick(2017),9.3,,19402,
330,331.TheParty(I)(2017),6.5,73,19171,0.75M
331,332.TheRider(2017),7.4,91,19158,2.42M
332,333.TheHeroes(2008–)Episode:KnightinBlack(2017),8.9,,18908,
333,334.Genius(I)(2017–),8.2,,18759,
334,335.FirstTheyKilledMyFather(2017),7.1,72,18689,
335,336.ElChapo(2017–2018),7.8,,18672,
336,337.Masum(2017),8.3,,18662,
337,338.Snowfall(2017–),8.2,,18605,
338,"339.StrangerThings(2016–)Episode:ChapterTwo:TrickorTreat,Freak(2017)",8.3,,18483,
339,340.Columbus(I)(2017),7.2,89,18330,1.02M
340,341.StrangerThings(2016–)Episode:ChapterFive:DigDug(2017),8.8,,18275,
341,342.Girlboss(2017),7.0,,18273,
342,343.DerHauptmann(2017),7.3,67,18245,0.11M
343,344.Brad'sStatus(2017),6.5,71,18148,2.13M
344,345.Workin'Moms(2017–2023),7.8,,18133,
345,346.StrangerThings(2016–)Episode:ChapterThree:ThePollywog(2017),8.5,,18109,
346,347.Mugennojûnin(2017),6.7,72,18039,0.15M
347,348.StrangerThings(2016–)Episode:ChapterFour:WilltheWise(2017),8.5,,17881,
348,349.TheHitman'sBodyguard:TheHitmanvs.TheBodyguard(2017Video),6.9,,17505,
349,350.Kodachrome(2017),6.8,57,17430,
350,351.Koombiyo(2017–2018),9.0,,17418,
351,352.SandyWexler(2017),5.2,40,17389,
352,353.Hangman(II)(2017),5.2,31,17354,
353,354.Gypsy(2017),6.8,,17108,
354,355.HHhH(2017),6.4,,17099,
355,356.TheMick(2017–2018),7.8,,17074,
356,357.12FeetDeep(2017),5.3,,17074,
357,358.L'insulte(2017),7.6,72,17072,1.00M
358,359.Newness(2017),6.3,50,17070,
359,360.Radius(2017),6.2,,16953,
360,361.BrigsbyBear(2017),7.3,67,16943,0.53M
361,362.ElectricDreams(2017–2018),7.2,,16887,
362,363.Churchill(2017),6.1,44,16839,1.28M
363,364.Rememory(2017),6.1,48,16835,
364,365.OneDayataTime(2017–2020),8.2,,16682,
365,366.HowtoBeaLatinLover(2017),6.0,54,16448,32.09M
366,367.RecepIvedik5(2017),3.3,,16369,
367,368.Britannia(2017–),6.8,,16363,
368,369.Çukur(2017–2021),7.5,,16304,
369,370.Aterrados(2017),6.4,,16298,
370,371.TheManWhoInventedChristmas(2017),7.0,60,16250,5.68M
371,372.Elguardiáninvisible(2017),6.4,,16219,
372,373.ColdSkin(2017),6.0,,16184,
373,374.JohnWickChapter2:Wick-vizzed(2017Video),7.8,,16166,
374,375.MaryShelley(2017),6.4,49,16123,0.10M
375,376.Unforgettable(II)(2017),5.1,45,15999,11.27M
376,377.OtherLife(2017),6.2,,15984,
377,378.ShaadiMeinZaroorAana(2017),7.5,,15982,
378,379.HappyEnd(2017),6.6,72,15844,0.30M
379,380.Sin-gwaham-kke:Jwi-wabeol(2017),7.2,,15787,
380,381.Absentia(2017–2020),7.2,,15777,
381,382.ShingekinoKyojin(2013–2023)Episode:CloseCombat(2017),9.6,,15755,
382,383.120battementsparminute(2017),7.4,84,15705,0.13M
383,384.TheBookshop(2017),6.5,62,15643,1.33M
384,385.TeenTitans:TheJudasContract(2017Video),7.0,,15396,
385,386.Strike(2017–),7.9,,15183,
386,387.ShimmerLake(2017),6.3,,15147,
387,388.Overdrive(2017),5.3,,15126,
388,389.ShingekinoKyojin(2013–2023)Episode:Totsugeki(2017),9.5,,15092,
389,390.TheOnlyLivingBoyinNewYork(2017),6.3,33,15061,0.62M
390,391.TheeranAdhigaaramOndru(2017),8.2,,15047,
391,392.Aknyeo(2017),6.6,64,15020,0.03M
392,393.TheLayover(I)(2017),4.7,15,14987,
393,394.HorizonZeroDawn(2017VideoGame),9.0,,14867,
394,395.TheDefiantOnes(2017),8.5,,14866,
395,396.Suburra-Laserie(2017–2020),7.9,,14847,
396,397.HiddenFigures:ItAllAddsUp-TheMakingofHiddenFigures(2017Video),8.1,,14826,
397,398.BeachRats(2017),6.4,78,14803,0.47M
398,399.24HourstoLive(2017),5.8,37,14794,
399,400.TheHitman'sBodyguard:DangerousWomen(2017Video),6.8,,14776,
400,401.RetroWick:ExploringtheUnexpectedSuccessof'JohnWick'(2017Video),7.6,,14731,
401,402.TinStar(2017–2020),7.2,,14703,
402,403.Laschicasdelcable(2017–2020),7.5,,14685,
403,404.Mearitomajonohana(2017),6.8,74,14602,2.42M
404,405.TheWalkingDead(2010–2022)Episode:TheFirstDayoftheRestofYourLife(2017),7.7,,14553,
405,406.Amityville:TheAwakening(2017),4.8,42,14442,0.00M
406,407.PleaseStandBy(2017),6.7,49,14314,0.01M
407,408.Perfectosdesconocidos(2017),6.9,,14306,
408,409.Dark(2017–2020)Episode:Geheimnisse(2017),8.2,,14304,
409,410.ThankYouforYourService(I)(2017),6.6,68,14136,9.47M
410,"411.Midnight,Texas(2017–2018)",7.3,,14119,
411,412.Singularity(I)(2017),3.7,,14111,
412,413.ShingekinoKyojin(2013–2023)Episode:BeastTitan(2017),9.2,,14002,
413,414.Beast(III)(2017),6.8,74,13977,0.80M
414,415.BlackButterfly(II)(2017),6.1,43,13975,
415,416.KillingGunther(2017),4.8,53,13935,
416,"417.AsAbove,SoBelow:TheUnderworldof'JohnWick'(2017Video)",7.7,,13930,
417,418.BatmanandHarleyQuinn(2017),5.9,,13899,
418,419.Goon:LastoftheEnforcers(2017),5.8,48,13899,
419,420.Imposters(2017–2018),7.8,,13874,
420,421.LaMante(2017),7.4,,13872,
421,422.ResidentEvil:Vendetta(2017),6.2,,13829,
422,423.Zashchitniki(2017),4.0,,13814,
423,424.OurSoulsatNight(2017),6.9,69,13787,
424,425.TheGhaziAttack(2017),7.5,,13765,
425,426.MarkFelt:TheManWhoBroughtDowntheWhiteHouse(2017),6.4,49,13712,0.77M
426,427.Chappaquiddick(2017),6.4,67,13643,17.40M
427,428.TheChildrenAct(2017),6.7,62,13622,0.51M
428,429.AnnaandtheApocalypse(2017),6.0,63,13457,0.55M
429,430.YouGetMe(2017),4.7,,13348,
430,431.TheWhitePrincess(2017),7.5,,13251,
431,432.TheVault(I)(2017),4.8,50,13210,0.01M
432,433.ShingekinoKyojin(2013–2023)Episode:Historia(2017),9.2,,13183,
433,434.Prityazhenie(2017),5.6,,13156,
434,435.Gaga:FiveFootTwo(2017),7.0,63,13122,
435,436.WhatDidJackDo?(2017),6.4,,13027,
436,437.LeanonPete(2017),7.2,80,13022,1.16M
437,438.Olaf'sFrozenAdventure(2017),5.6,,12990,
438,439.Six(2017–2018),7.2,,12890,
439,440.RickandMorty(2013–)Episode:RestandRicklaxation(2017),8.9,,12877,
440,441.Him-ssenyeo-jaDoBong-soon(2017),8.2,,12845,
441,442.TheWalkingDead(2010–2022)Episode:Mercy(2017),6.9,,12808,
442,443.RickandMorty(2013–)Episode:RickmancingtheStone(2017),8.1,,12800,
443,444.Ittefaq(2017),7.2,,12758,
444,445.TheAgeofSpin:DaveChappelleLiveattheHollywoodPalladium(2017TVSpecial),8.1,,12742,
445,446.ShingekinoKyojin(2013–2023)Episode:Soldier(2017),9.2,,12736,
446,447.EscapeRoom(II)(2017),4.2,,12736,
447,448.DaveChappelle:Equanimity(2017TVSpecial),8.1,,12667,
448,449.TheHumanityBureau(2017),4.6,,12646,
449,450.Dark(2017–2020)Episode:Lügen(2017),8.1,,12642,
450,451.Visagesvillages(2017),7.8,94,12640,0.95M
451,452.RickandMorty(2013–)Episode:Vindicators3:TheReturnofWorldender(2017),8.1,,12541,
452,453.L'amantdouble(2017),6.2,70,12540,0.17M
453,454.BadrinathKiDulhania(2017),6.1,,12520,
454,455.ActsofVengeance(2017),5.7,49,12513,
455,456.RickandMorty(2013–)Episode:Morty'sMindBlowers(2017),8.9,,12473,
456,457.Vivegam(2017),5.2,,12440,
457,458.Toivontuollapuolen(2017),7.2,84,12435,0.18M
458,459.Dark(2017–2020)Episode:AlphaundOmega(2017),9.1,,12431,
459,460.FantasticBeastsandWheretoFindThem:BeforeHarryPotter(2017Video),7.2,,12350,
460,461.Dark(2017–2020)Episode:Gesternundheute(2017),8.5,,12258,
461,462.Dark(2017–2020)Episode:Wahrheiten(2017),8.8,,12202,
462,463.ShingekinoKyojin(2013–2023)Episode:Children(2017),9.0,,12177,
463,464.ShingekinoKyojin(2013–2023)Episode:I'mHome(2017),8.5,,12172,
464,465.Errementari(2017),6.4,,12166,
465,466.DayoftheDead:Bloodline(2017),3.4,,12119,
466,467.BetterCallSaul(2015–2022)Episode:Lantern(2017),9.2,,12112,
467,468.Dark(2017–2020)Episode:SicMundusCreatusEst(2017),9.0,,11995,
468,469.ShingekinoKyojin(2013–2023)Episode:Southwestward(2017),8.7,,11954,
469,470.InsideEdge(2017–),8.0,,11948,
470,471.ChristmasInheritance(2017),5.7,,11946,
471,472.XX(2017),4.6,64,11943,0.03M
472,473.RickandMorty(2013–)Episode:TheWhirlyDirlyConspiracy(2017),8.4,,11906,
473,474.ShingekinoKyojin(2013–2023)Episode:TheHunters(2017),8.5,,11859,
474,"475.Dark(2017–2020)Episode:Wasmansät,daswirdmanernten(2017)",9.1,,11858,
475,476.ShingekinoKyojin(2013–2023)Episode:Opening(2017),8.6,,11833,
476,477.FirstKill(2017),5.0,39,11824,
477,478.Bushwick(2017),5.2,44,11769,
478,479.Descendants2(2017TVMovie),6.3,,11752,
479,480.DeepintheHeartofTexas:DaveChappelleLiveatAustinCityLimits(2017TVSpecial),7.9,,11743,
480,481.ZoneBlanche(2017–),7.4,,11688,
481,482.ThePlace(2017),7.0,,11676,
482,483.WhiteGold(2017–2019),7.4,,11612,
483,484.SmallTownCrime(2017),6.6,68,11609,
484,485.Dark(2017–2020)Episode:Doppelleben(2017),8.2,,11601,
485,486.VoicefromtheStone(2017),5.2,42,11569,
486,487.Mr.Robot(2015–2019)Episode:eps3.4_runtime-err0r.r00(2017),9.7,,11565,
487,488.SenkenadBalkanom(2017–),8.9,,11534,
488,489.Tuntematonsotilas(2017),7.7,,11520,
489,490.OnChesilBeach(2017),6.3,62,11505,0.75M
490,491.Laragazzanellanebbia(2017),6.8,,11436,
491,492.Salyut-7(2017),7.2,,11431,
492,493.Psych:TheMovie(2017TVMovie),7.3,,11424,
493,494.HowtoTalktoGirlsatParties(2017),5.7,50,11408,0.08M
494,495.MadeinAbyss(2017–),8.4,,11344,
495,496.BoJackHorseman(2014–2020)Episode:Time'sArrow(2017),9.8,,11250,
496,497.BetterCallSaul(2015–2022)Episode:Witness(2017),9.0,,11235,
497,498.TourdePharmacy(2017TVMovie),7.1,,11140,
498,499.Dark(2017–2020)Episode:Kreuzwege(2017),8.6,,11132,
499,500.SidneyHall(2017),6.8,18,11028,
500,501.Taken(2017–2018),6.5,,11021,
501,502.Dark(2017–2020)Episode:Allesistjetzt(2017),8.6,,10990,
502,503.Judwaa2(2017),3.6,,10983,
503,504.Fi(2017–2018),7.8,,10972,
504,505.SweetVirginia(2017),6.2,72,10960,0.01M
505,506.Lesensdelafête(I)(2017),6.8,,10931,
506,507.RickandMorty(2013–)Episode:TheRickchurianMortydate(2017),8.2,,10923,
507,508.Laforêt(2017),7.2,,10815,
508,509.ThePolkaKing(2017),6.0,65,10812,
509,510.Mom(I)(2017),7.2,,10804,
510,511.Wilson(I)(2017),5.8,49,10755,0.65M
511,512.Bairavaa(2017),5.8,,10727,
512,513.BetterCallSaul(2015–2022)Episode:Mabel(2017),8.1,,10701,
513,514.RickandMorty(2013–)Episode:TheABCsofBeth(2017),7.9,,10698,
514,515.PeakyBlinders(2013–2022)Episode:TheCompany(2017),9.4,,10690,
515,516.TheWalkingDead(2010–2022)Episode:HowIt'sGottaBe(2017),6.7,,10664,
516,517.BetterCallSaul(2015–2022)Episode:Sabrosito(2017),8.9,,10640,
517,518.Gunpowder(2017),6.6,,10617,
518,519.JaggaJasoos(2017),6.3,,10615,
519,520.TabulaRasa(2017),8.0,,10608,
520,521.Spyder(2017),6.3,,10605,
521,522.PeakyBlinders(2013–2022)Episode:TheNoose(2017),9.4,,10599,
522,523.TheWalkingDead(2010–2022)Episode:TheDamned(2017),6.7,,10577,
523,524.TragedyGirls(2017),6.0,58,10537,0.06M
524,525.BulletHead(2017),5.4,51,10525,
525,526.Gongfuyujia(2017),5.1,50,10485,0.36M
526,527.Wonderstruck(2017),6.2,71,10461,1.03M
527,528.Disjointed(2017–2018),6.7,,10447,
528,529.ShubhMangalSaavdhan(2017),6.9,,10440,
529,530.Mr.Robot(2015–2019)Episode:eps3.5_kill-pr0cess.inc(2017),9.6,,10402,
530,531.LouisC.K.2017(2017TVSpecial),7.6,,10362,
531,532.PayitahtAbdülhamid(2017–2021),4.9,,10357,
532,533.TheRecall(2017),4.2,,10285,
533,534.PattiCake$(2017),6.8,67,10280,0.80M
534,535.Jiqizhixue(2017),5.1,43,10279,
535,536.ThePiratesofSomalia(2017),6.7,54,10260,
536,537.Journey'sEnd(I)(2017),6.7,73,10248,0.16M
537,538.Pappapia(2017),4.6,,10226,
538,539.DaveChappelle:TheBirdRevelation(2017TVSpecial),7.8,,10218,
539,540.Inconceivable(2017),5.2,,10209,
540,541.Salinjauigieokbeob(2017),7.2,,10195,
541,542.Lacasadepapel(2017–2021)Episode:Bellaciao(2017),9.2,,10187,
542,543.BeatrizatDinner(2017),6.0,68,10169,7.12M
543,544.DuckTales(2017–2021),8.3,,10153,
544,545.MommyDeadandDearest(2017),7.4,,10149,
545,546.Renegades(2017),5.5,33,10149,
546,547.Cardinal(2017–2020),7.7,,10117,
547,548.TheWalkingDead(2010–2022)Episode:RockintheRoad(2017),8.0,,10092,
548,549.BadBlood(2017–2018),7.5,,10054,
549,550.AmySchumer:TheLeatherSpecial(2017TVSpecial),3.2,,10038,
550,551.Liar(2017–2020),7.1,,10028,
551,552.InsideLook:TheAssassinationofGianniVersace-AmericanCrimeStory(2017–2018),7.7,,10015,
552,553.ThePunisher(2017–2019)Episode:Home(2017),9.5,,10005,
553,554.FilmStarsDon'tDieinLiverpool(2017),6.7,65,9986,1.03M
554,555.RebelintheRye(2017),6.7,46,9958,0.38M
555,556.Kakegurui(2017–2019),7.2,,9951,
556,557.Aurevoirlà-haut(2017),7.4,,9949,
557,558.TheWalkingDead(2010–2022)Episode:Monsters(2017),6.4,,9904,
558,559.TheHero(I)(2017),6.5,61,9853,4.08M
559,560.BetterCallSaul(2015–2022)Episode:SunkCosts(2017),8.5,,9814,
560,561.TheWalkingDead(2010–2022)Episode:SomeGuy(2017),6.8,,9791,
561,562.BetterCallSaul(2015–2022)Episode:Fall(2017),8.8,,9770,
562,563.Pyewacket(2017),5.8,56,9683,
563,564.TheHunter'sPrayer(2017),5.5,35,9673,
564,565.BetterCallSaul(2015–2022)Episode:OffBrand(2017),8.5,,9653,
565,566.GolmaalAgain(2017),4.9,,9613,
566,567.Revolt(2017),5.3,,9600,
567,568.TheWalkingDead(2010–2022)Episode:SayYes(2017),7.0,,9595,
568,569.Jusqu'àlagarde(2017),7.5,83,9540,0.08M
569,570.WinItAll(2017),6.2,77,9509,
570,571.Satan'sSlaves(2017),6.5,,9446,
571,572.Lesaffamés(2017),5.8,,9435,
572,573.DiaryofaWimpyKid:TheLongHaul(2017),4.3,39,9435,20.64M
573,574.Flower(I)(2017),6.0,45,9418,0.33M
574,575.BetterCallSaul(2015–2022)Episode:Expenses(2017),8.2,,9393,
575,576.TheWalkingDead(2010–2022)Episode:NewBestFriends(2017),7.3,,9389,
576,577.TheWalkingDead(2010–2022)Episode:BuryMeHere(2017),7.6,,9385,
577,578.BetterCallSaul(2015–2022)Episode:Slip(2017),8.5,,9336,
578,579.TheWalkingDead(2010–2022)Episode:HostilesandCalamities(2017),7.3,,9323,
579,580.TheCaseforChrist(2017),6.2,50,9300,14.68M
580,581.TheLodgers(2017),5.1,52,9254,
581,582.TheManfromEarth:Holocene(2017),5.2,,9247,
582,583.TheBrave(2017–2018),7.5,,9198,
583,584.Harlots(2017–2019),7.7,,9197,
584,585.NovemberCriminals(2017),5.3,31,9191,
585,586.TheWalkingDead(2010–2022)Episode:TheOtherSide(2017),6.6,,9155,
586,587.Lacasadepapel(2017–2021)Episode:Efectuarloacordado(2017),8.1,,9051,
587,588.TheLeisureSeeker(2017),6.7,45,9045,3.23M
588,589.ElCaminoChristmas(2017),5.7,,8978,
589,590.BladeRunner:BlackOut2022(2017Video),7.3,,8899,
590,591.TheWalkingDead(2010–2022)Episode:TheBigScaryU(2017),7.2,,8857,
591,592.WetHotAmericanSummer:TenYearsLater(2017),6.9,,8842,
592,593.TheWhiskeyBandit(2017),7.3,,8816,
593,594.TheCured(2017),5.6,57,8811,0.02M
594,595.TheDinner(I)(2017),4.5,57,8796,1.32M
595,596.TheCrucifixion(2017),5.1,,8769,
596,597.Gojira:KaijûWakusei(2017),6.0,,8702,
597,598.SweetCountry(2017),6.9,88,8685,0.10M
598,599.Submergence(2017),5.4,38,8679,
599,600.TheWalkingDead(2010–2022)Episode:SomethingTheyNeed(2017),7.5,,8642,
600,601.Beomjoidosi(2017),7.2,,8640,
601,602.KillSwitch(I)(2017),4.7,31,8631,
602,603.Rakka(2017),7.3,,8575,
603,604.QaribQaribSinglle(2017),7.1,,8562,
604,605.TheNiceGuys:WordoftheDay(2017),7.6,,8537,
605,606.Alibi.com(2017),6.5,,8535,
606,607.Damnation(2017–2018),7.6,,8526,
607,"608.13ReasonsWhy(2017–2020)Episode:Tape7,SideA(2017)",9.2,,8524,
608,"609.TheWalkingDead(2010–2022)Episode:TheKing,theWidowandRick(2017)",6.1,,8500,
609,610.BimiluiSoop(2017–),8.5,,8490,
610,611.ThePunisher(2017–2019)Episode:3AM(2017),8.5,,8484,
611,612.TheNileHiltonIncident(2017),6.7,70,8365,0.08M
612,613.SmallCrimes(2017),5.8,60,8351,
613,614.TheLastWord(2017),6.6,40,8332,1.78M
614,615.Clinical(2017),5.1,,8304,
615,616.BadDayfortheCut(2017),6.5,,8295,
616,617.SameKindofDifferentasMe(2017),6.6,47,8268,6.42M
617,618.Blame!(2017),6.6,,8260,
618,619.Extortion(2017),6.2,,8256,
619,620.Unacknowledged(2017),7.0,,8242,
620,621.Gekijô-banSôdoÂtoOnrain:SwordArtOnline-Ôdinarusukêru-(2017),7.3,,8213,
621,622.Assassin'sCreed:Origins(2017VideoGame),8.5,,8203,
622,623.TheStar(2017),6.2,42,8190,40.85M
623,624.4Blocks(2017–2019),8.2,,8186,
624,625.Mr.Robot(2015–2019)Episode:shutdown-r(2017),9.5,,8182,
625,626.BombCity(2017),6.8,65,8171,0.06M
626,627.ZhanlangII(2017),5.9,44,8168,2.72M
627,628.Riviera(2017–2020),6.6,,8161,
628,629.Mindhunter(2017–2019)Episode:Episode#1.1(2017),7.8,,8153,
629,630.AnInconvenientSequel:TruthtoPower(2017),6.6,68,8152,3.50M
630,631.TheWalkingDead(2010–2022)Episode:TimeforAfter(2017),6.5,,8146,
631,632.MemeReview(2017–),8.6,,8136,
632,633.Viceroy'sHouse(2017),6.7,53,8130,1.11M
633,634.Sachin(2017),8.5,,8127,
634,635.Raabta(2017),4.7,,8107,
635,636.PeakyBlinders(2013–2022)Episode:Heathens(2017),9.1,,8075,
636,637.LongShot(2017TVMovie),7.4,,8059,
637,638.TheFlash(2014–2023)Episode:Duet(2017),6.1,,8056,
638,639.ResidentEvil7:Biohazard(2017VideoGame),8.6,,7986,
639,640.Ozark(2017–2022)Episode:Sugarwood(2017),8.4,,7977,
640,641.2036:NexusDawn(2017),6.9,,7975,
641,642.DaveMadeaMaze(2017),6.3,60,7973,0.03M
642,643.ThePunisher(2017–2019)Episode:MementoMori(2017),9.1,,7966,
643,644.Mukkabaaz(2017),8.0,,7961,
644,645.TheClapper(I)(2017),5.1,21,7939,
645,646.Madame(I)(2017),6.1,45,7923,
646,647.TheIncredibleJessicaJames(2017),6.5,72,7921,
647,648.Arrow(2012–2020)Episode:LianYu(2017),9.6,,7912,
648,649.Órbita9(2017),5.9,,7908,
649,650.ThePunisher(2017–2019)Episode:DangerClose(2017),9.2,,7894,
650,651.Vengeance:ALoveStory(2017),5.2,,7893,
651,652.Deadpool:NoGoodDeed(2017),8.0,,7886,
652,653.SickNote(2017–2018),6.8,,7803,
653,654.BigLittleLies(2017–2019)Episode:YouGetWhatYouNeed(2017),9.4,,7792,
654,655.Lou(I)(2017),7.8,,7773,
655,656.Lacasadepapel(2017–2021)Episode:Imprudenciasletales(2017),8.2,,7754,
656,657.Dismissed(2017),5.7,,7744,
657,658.Cheong-nyeon-gyeong-chal(2017),7.3,,7741,
658,659.TheGreatFather(2017),6.9,,7734,
659,660.Crashing(2017–2019),7.6,,7726,
660,661.6Below:MiracleontheMountain(2017),5.7,40,7711,
661,662.Vuelven(2017),6.9,76,7707,0.13M
662,663.Foxtrot(II)(2017),7.2,88,7680,0.62M
663,664.L'ascension(I)(2017),6.9,,7677,
664,665.StarTrek:Discovery(2017–)Episode:TheVulcanHello(2017),7.2,,7648,
665,"666.13ReasonsWhy(2017–2020)Episode:Tape1,SideA(2017)",8.2,,7639,
666,667.TikliandLaxmiBomb(2017),7.7,,7620,
667,668.BillBurr:WalkYourWayOut(2017TVSpecial),7.2,,7579,
668,669.Lady-Like(2017),5.6,,7579,
669,670.GreatNews(2017–2018),7.0,,7536,
670,671.Bokeh(I)(2017),5.0,56,7535,
671,672.DangshiniJamdeunSaie(2017),8.3,,7531,
672,673.HasanMinhaj:HomecomingKing(2017TVSpecial),8.2,,7521,
673,674.GetMeRogerStone(2017),7.3,75,7498,
674,675.Zerudanodensetsu:Buresuobuzawairudo(2017VideoGame),9.5,,7495,
675,676.Estiu1993(2017),7.1,81,7494,0.18M
676,677.ShockandAwe(2017),6.3,47,7472,0.08M
677,678.PrisonBreak(2005–2017)Episode:Ogygia(2017),8.4,,7471,
678,679.Yôkosojitsuryokushijôshuginokyôshitsue(2017–),7.7,,7470,
679,680.GetShorty(2017–2019),8.2,,7452,
680,681.TheLeftovers(2014–2017)Episode:TheBookofNora(2017),9.5,,7449,
681,682.WomanWalksAhead(2017),6.6,51,7447,0.06M
682,683.Uncharted:TheLostLegacy(2017VideoGame),8.5,,7445,
683,684.Vremyapervykh(2017),7.2,,7439,
684,685.Gunhamdo(2017),7.1,60,7429,
685,686.Mr.Robot(2015–2019)Episode:eps3.7_dont-delete-me.ko(2017),9.1,,7425,
686,"687.13ReasonsWhy(2017–2020)Episode:Tape6,SideA(2017)",9.1,,7420,
687,688.JustGettingStarted(2017),4.5,21,7419,6.07M
688,689.ThePunisher(2017–2019)Episode:VirtueoftheVicious(2017),9.1,,7416,
689,690.HalfGirlfriend(2017),4.5,,7407,
690,691.Lechalet(2017–2018),7.0,,7380,
691,692.BillNyeSavestheWorld(2017–2018),3.8,,7378,
692,693.Spielberg(2017TVMovie),7.7,,7356,
693,694.TheSonofBigfoot(2017),6.1,,7337,
694,695.AGentleman(2017),6.3,,7330,
695,696.AllNighter(2017),5.8,37,7284,
696,697.DevDD(2017–),6.4,,7250,
697,698.Lacasadepapel(2017–2021)Episode:Erraraldisparar(2017),8.1,,7222,
698,699.ThePunisher(2017–2019)Episode:TwoDeadMen(2017),8.1,,7217,
699,700.Kiborgy.Heroyinevmyrayut(2017),7.5,,7214,
700,701.TwinPeaks(2017)Episode:Part8(2017),8.7,,7213,
701,702.MyLittlePony:TheMovie(2017),6.0,39,7189,21.89M
702,703.Mindhunter(2017–2019)Episode:Episode#1.2(2017),8.5,,7182,
703,704.Mindhunter(2017–2019)Episode:Episode#1.10(2017),9.1,,7170,
704,705.Fargo(2014–)Episode:TheLawofVacantPlaces(2017),8.5,,7157,
705,706.Unbeausoleilintérieur(2017),6.0,79,7124,0.87M
706,707.Rockaway(2017),6.6,,7118,
707,708.Ozark(2017–2022)Episode:TheToll(2017),9.1,,7091,
708,709.Prodigy(2017),6.0,,7070,
709,710.2048:NowheretoRun(2017),6.8,,7061,
710,711.M.F.A.(2017),5.9,,7048,
711,712.PeakyBlinders(2013–2022)Episode:TheDuel(2017),8.7,,7022,
712,713.Ryde(2017),5.7,,7022,
713,714.Skybound(2017),4.6,,7016,
714,715.Sandomenosatsujin(2017),6.7,68,6982,0.09M
715,716.PokémontheMovie:IChooseYou(2017),6.3,,6954,
716,717.NaamShabana(2017),6.2,,6952,
717,718.Fortnite(2017VideoGame),5.0,,6934,
718,719.Ghosted(I)(2017),6.3,,6928,
719,720.ThePunisher(2017–2019)Episode:Kandahar(2017),8.3,,6928,
720,721.StarTrek:Discovery(2017–)Episode:BattleattheBinaryStars(2017),7.4,,6920,
721,722.SiyahBeyazAsk(2017–2018),8.0,,6918,
722,723.PeakyBlinders(2013–2022)Episode:Blackbird(2017),8.5,,6907,
723,724.YolArkadasim(2017),6.1,,6903,
724,725.Lacasadepapel(2017–2021)Episode:CaballodeTroya(2017),8.1,,6902,
725,726.DoctorWho(2005–)Episode:TwiceUponaTime(2017),8.2,,6894,
726,727.TheBalladofLeftyBrown(2017),6.3,64,6887,0.01M
727,728.TheSenseofanEnding(2017),6.3,61,6885,1.24M
728,729.D'aprèsunehistoirevraie(I)(2017),5.7,43,6818,
729,730.TheSaint(2017TVMovie),4.9,,6805,
730,731.AlokoUdapadi(2017),8.3,,6795,
731,732.OHADiyorum(2017),1.6,,6784,
732,733.TheMostHatedWomaninAmerica(2017),6.1,41,6766,
733,734.TheNutJob2:NuttybyNature(2017),5.5,36,6755,28.37M
734,735.Avicii:TrueStories(2017),7.6,,6754,
735,736.FindingYourFeet(2017),6.7,53,6746,1.42M
736,737.PeakyBlinders(2013–2022)Episode:Dangerous(2017),8.6,,6739,
737,738.TheBlacklist:Redemption(2017),7.0,,6739,
738,739.ThondimuthalumDhriksakshiyum(2017),8.1,,6734,
739,740.LejeuneKarlMarx(2017),6.6,62,6702,0.13M
740,741.OneofUs(IV)(2017),7.0,78,6680,
741,742.Singam3(2017),6.0,,6679,
742,743.Lacasadepapel(2017–2021)Episode:Elquelasiguelaconsigue(2017),8.5,,6667,
743,744.StarWars:BattlefrontII(2017VideoGame),7.2,,6665,
744,745.IAmHeathLedger(2017),7.3,68,6660,
745,746.Lacasadepapel(2017–2021)Episode:Eldíadelamarmota(2017),8.2,,6637,
746,747.Bose:Dead/Alive(2017),8.7,,6623,
747,748.Hampstead(2017),6.1,53,6622,0.14M
748,"749.Ssam,Maiwei(2017)",8.1,,6615,
749,750.Claws(2017–2022),7.4,,6612,
750,751.TheSon(2017–2019),7.5,,6554,
751,752.LA92(2017),8.2,66,6547,
752,753.TheHandmaid'sTale(2017–)Episode:Offred(2017),8.2,,6540,
753,754.Zama(2017),6.7,89,6539,0.20M
754,755.ThePunisher(2017–2019)Episode:Resupply(2017),8.3,,6527,
755,756.MarjoriePrime(2017),6.3,82,6513,0.18M
756,757.ThePunisher(2017–2019)Episode:Gunner(2017),8.6,,6512,
757,758.Drone(I)(2017),5.4,49,6508,
758,759.CallofDuty:WWII(2017VideoGame),7.7,,6496,
759,760.ThePunisher(2017–2019)Episode:FrontTowardEnemy(2017),8.9,,6494,
760,761.ThisCountry(2017–2020),8.5,,6488,
761,762.Legion(2017–2019)Episode:Chapter1(2017),8.7,,6486,
762,763.#Realityhigh(2017),5.1,,6481,
763,764.Lucifer(2016–2021)Episode:AGoodDaytoDie(2017),9.3,,6481,
764,765.TakeOff(2017),8.1,,6479,
765,766.PhoenixForgotten(2017),5.3,33,6478,3.60M
766,767.Mr.Robot(2015–2019)Episode:eps3.0_power-saver-mode.h(2017),8.7,,6456,
767,768.TheNeighbor(II)(2017),4.9,,6456,
768,769.StarTrek:Discovery(2017–)Episode:ContextIsforKings(2017),7.6,,6449,
769,"770.13ReasonsWhy(2017–2020)Episode:Tape6,SideB(2017)",9.0,,6445,
770,771.TheBeyond(2017),4.9,,6443,
771,772.Taboo(2017–)Episode:Episode#1.1(2017),8.4,,6436,
772,773.Lacasadepapel(2017–2021)Episode:LacálidaGuerraFría(2017),8.1,,6424,
773,774.Mindhunter(2017–2019)Episode:Episode#1.3(2017),8.2,,6397,
774,775.Hostile(I)(2017),5.4,,6391,
775,776.WalkingOut(2017),5.8,79,6382,0.10M
776,777.Lacasadepapel(2017–2021)Episode:Refrigeradainestabilidad(2017),8.3,,6381,
777,"778.13ReasonsWhy(2017–2020)Episode:Tape1,SideB(2017)",8.0,,6381,
778,779.Devil'sGate(2017),5.1,37,6371,
779,780.FamousinLove(2017–2018),6.7,,6353,
780,781.BloodDrive(2017),7.2,,6351,
781,782.TheHattonGardenJob(2017),5.6,,6346,
782,783.ThePunisher(2017–2019)Episode:ColdSteel(2017),8.7,,6332,
783,784.Sharknado5:GlobalSwarming(2017TVMovie),3.9,,6318,
784,785.Voyeur(II)(2017),6.1,59,6314,
785,786.GreenhouseAcademy(2017–2020),6.6,,6305,
786,787.Underverden(2017),6.6,,6274,
787,788.FackjuGöhte3(2017),5.4,,6269,
788,789.Maanagaram(2017),8.1,,6259,
789,790.Lacasadepapel(2017–2021)Episode:Túlohasbuscado(2017),8.1,,6258,
790,791.AlphaGo(2017),7.8,,6249,
791,792.DirtyDancing(2017TVMovie),3.1,,6247,
792,793.ThePunisher(2017–2019)Episode:Crosshairs(2017),8.6,,6242,
793,794.AngamalyDiaries(2017),7.9,,6236,
794,795.Hagazussa(2017),5.8,72,6235,0.01M
795,796.ThePunisher(2017–2019)Episode:TheJudasGoat(2017),8.2,,6224,
796,797.VictorCrowley(2017),5.5,,6185,
797,798.TheMaus(2017),4.7,,6182,
798,799.Ozark(2017–2022)Episode:BlueCat(2017),8.1,,6179,
799,800.BoJackHorseman(2014–2020)Episode:TheOldSugarmanPlace(2017),9.3,,6175,
800,801.Mr.Robot(2015–2019)Episode:eps3.1_undo.gz(2017),9.1,,6171,
801,802.Pieles(2017),6.1,,6168,
802,803.RedNoseDayActually(2017TVShort),7.1,,6152,
803,804.ChristmasWeddingPlanner(2017TVMovie),4.4,,6117,
804,805.Mindhunter(2017–2019)Episode:Episode#1.5(2017),8.6,,6112,
805,806.TheTriptoSpain(2017),6.6,66,6107,1.16M
806,807.SomewhereBetween(2017),6.2,,6104,
807,808.Lacasadepapel(2017–2021)Episode:Acontrarreloj(2017),8.6,,6103,
808,809.Lacasadepapel(2017–2021)Episode:Seacabaronlasmáscaras(2017),8.4,,6103,
809,810.TakeMe(2017),6.1,56,6096,0.00M
810,811.Mr.Robot(2015–2019)Episode:eps3.6_fredrick+tanya.chk(2017),9.0,,6091,
811,812.TwinPeaks(2017)Episode:Part1(2017),8.6,,6083,
812,813.Elautor(2017),6.5,58,6076,
813,814.Mindhunter(2017–2019)Episode:Episode#1.4(2017),8.2,,6064,
814,815.TomofFinland(2017),6.8,56,6044,0.38M
815,816.JaiLavaKusa(2017),6.8,,6041,
816,817.68Kill(2017),6.0,56,6041,
817,818.Trial&Error(2017–2018),7.9,,6040,
818,819.Stephanie(I)(2017),5.8,,6017,
819,"820.13ReasonsWhy(2017–2020)Episode:Tape2,SideA(2017)",7.8,,6014,
820,821.Lucifer(2016–2021)Episode:OfftheRecord(2017),9.1,,5963,
821,822.Lacasadepapel(2017–2021)Episode:¿Quéhemoshecho?(2017),8.6,,5960,
822,823.StarshipTroopers:TraitorofMars(2017),5.5,,5945,
823,824.Lacasadepapel(2017–2021)Episode:Cuestióndeeficacia(2017),8.5,,5923,
824,825.HowardsEnd(2017–2018),7.2,,5909,
825,826.Lacasadepapel(2017–2021)Episode:Lacabezadelplan(2017),8.3,,5895,
826,827.FunMomDinner(2017),5.3,46,5877,
827,828.Pilgrimage(II)(2017),5.9,60,5855,
828,829.Gangcheolbi(2017),7.1,,5845,
829,830.TheLeftovers(2014–2017)Episode:TheMostPowerfulManintheWorld(andHisIdenticalTwinBrother)(2017),9.3,,5842,
830,831.Room104(2017–2020),6.1,,5822,
831,832.Nievenegra(2017),6.2,,5821,
832,"833.13ReasonsWhy(2017–2020)Episode:Tape2,SideB(2017)",8.0,,5798,
833,834.Unsacdebilles(2017),7.3,55,5797,0.41M
834,835.JerryBeforeSeinfeld(2017TVSpecial),7.0,,5785,
835,836.Jojakdoendosi(2017),6.8,,5782,
836,837.Downrange(2017),5.5,42,5782,
837,838.Brockmire(2017–2020),8.0,,5782,
838,839.TheHousesOctoberBuilt2(2017),4.9,,5774,
839,840.BandAid(2017),6.6,67,5769,0.24M
840,841.TheToysThatMadeUs(2017–2019),8.0,,5767,
841,842.Ozark(2017–2022)Episode:MyDrippingSleep(2017),7.6,,5759,
842,843.Kincsem(2017),7.3,,5748,
843,844.FinalPortrait(2017),6.3,70,5740,0.46M
844,845.DearBasketball(2017),7.3,,5739,
845,"846.BedooneTarikh,BedooneEmza(2017)",7.2,71,5739,0.04M
846,847.Bodied(2017),7.1,75,5732,0.11M
847,"848.13ReasonsWhy(2017–2020)Episode:Tape3,SideA(2017)",8.1,,5728,
848,849.Mr.Robot(2015–2019)Episode:eps3.2_legacy.so(2017),8.7,,5709,
849,850.I'mSorry.(2017–2020),8.0,,5699,
850,851.UnlugarenelCaribe(2017),7.5,,5699,
851,852.Mindhunter(2017–2019)Episode:Episode#1.6(2017),7.9,,5685,
852,853.TheCheat(2017–2020),8.3,,5674,
853,854.Ozark(2017–2022)Episode:Kaleidoscope(2017),7.5,,5671,
854,"855.Ozark(2017–2022)Episode:Coffee,Black(2017)",8.7,,5667,
855,856.TeamThor:Part2(2017Video),7.4,,5651,
856,857.RobotiAniya(2017–2018),8.0,,5650,
857,858.Mindhunter(2017–2019)Episode:Episode#1.9(2017),8.5,,5644,
858,"859.13ReasonsWhy(2017–2020)Episode:Tape4,SideA(2017)",8.3,,5636,
859,860.ConorMcGregor:Notorious(2017),7.1,,5635,
860,861.BigLittleLies(2017–2019)Episode:Somebody'sDead(2017),8.0,,5624,
861,862.JackWhitehall:TravelswithMyFather(2017–2021),7.6,,5614,
862,863.Aritmiya(2017),7.4,,5614,
863,"864.13ReasonsWhy(2017–2020)Episode:Tape5,SideB(2017)",8.5,,5595,
864,865.Mindhunter(2017–2019)Episode:Episode#1.7(2017),8.2,,5590,
865,866.Fargo(2014–)Episode:WhoRulestheLandofDenial?(2017),8.9,,5590,
866,"867.13ReasonsWhy(2017–2020)Episode:Tape5,SideA(2017)",8.6,,5588,
867,868.FukreyReturns(2017),6.5,,5586,
868,869.Hvavilfolksi(2017),7.4,69,5584,0.04M
869,870.TwinPeaks(2017)Episode:Part2(2017),8.6,,5564,
870,871.LeRedoutable(2017),6.6,55,5552,0.08M
871,872.Jizhizhuiji(2017),4.7,,5548,
872,873.Abstract:TheArtofDesign(2017–),8.3,,5539,
873,874.Lore(2017–2018),6.6,,5528,
874,"875.13ReasonsWhy(2017–2020)Episode:Tape3,SideB(2017)",7.9,,5526,
875,876.Fargo(2014–)Episode:TheLawofNon-Contradiction(2017),7.9,,5524,
876,877.Mindhunter(2017–2019)Episode:Episode#1.8(2017),8.1,,5518,
877,878.Pokot(2017),6.3,67,5506,
878,879.Vikings(2013–2020)Episode:OntheEve(2017),8.9,,5491,
879,880.TheMiniaturist(2017),7.0,,5490,
880,881.Zygote(I)(2017),7.2,,5486,
881,882.CastingJonBenet(2017),6.1,74,5485,
882,883.StarTrek:Discovery(2017–)Episode:TheButcher'sKnifeCaresNotfortheLamb'sCry(2017),7.1,,5476,
883,884.MeriPyaariBindu(2017),6.0,,5473,
884,885.TheConfessionTapes(2017–),7.5,,5465,
885,"886.13ReasonsWhy(2017–2020)Episode:Tape4,SideB(2017)",8.0,,5458,
886,887.1987(2017),7.8,,5454,
887,888.Ozark(2017–2022)Episode:TonightWeImprovise(2017),8.0,,5445,
888,889.StarTrek:Discovery(2017–)Episode:MagictoMaketheSanestManGoMad(2017),7.5,,5417,
889,890.Oasis(2017TVMovie),8.0,,5392,
890,891.MutlulukZamani(2017),5.9,,5388,
891,892.Vikings(2013–2020)Episode:Revenge(2017),8.8,,5386,
892,893.StarTrek:Discovery(2017–)Episode:ChooseYourPain(2017),7.3,,5380,
893,894.RegularShow(2009–2017)Episode:ARegularEpicFinalBattle(2017),9.8,,5378,
894,895.MassEffect:Andromeda(2017VideoGame),6.9,,5378,
895,896.MeinBlindDatemitdemLeben(2017),7.0,,5377,
896,897.TrevorNoah:AfraidoftheDark(2017TVSpecial),7.3,,5370,
897,898.TheLoch(2017),6.9,,5358,
898,899.TheHandmaid'sTale(2017–)Episode:Night(2017),9.0,,5356,
899,900.TheHandmaid'sTale(2017–)Episode:BirthDay(2017),8.1,,5355,
900,901.Feral(2017),4.5,41,5355,
901,902.TheHandmaid'sTale(2017–)Episode:Late(2017),8.6,,5348,
902,903.DuvvadaJagannadham(2017),5.8,,5343,
903,904.KeepingFaith(2017–2021),7.1,,5335,
904,905.Yoruwamijikashiarukeyootome(2017),7.5,65,5331,0.41M
905,906.SPF-18(2017),3.3,,5318,
906,907.Stratton(2017),4.8,26,5305,
907,908.CrashPad(I)(2017),5.8,46,5303,
908,909.TheExpanse(2015–2022)Episode:Home(2017),9.4,,5295,
909,910.BoJackHorseman(2014–2020)Episode:StupidPieceofSh*t(2017),9.1,,5291,
910,911.ChasingCoral(2017),8.1,86,5290,
911,912.BeesMakeHoney(2017),4.9,,5290,
912,913.JohnWick:KillCount(2017Video),8.0,,5289,
913,914.Jackals(I)(2017),5.0,33,5286,
914,915.TumhariSulu(2017),7.0,,5285,
915,916.SoosanghanPateuneo(2017),7.8,,5283,
916,917.TwinPeaks(2017)Episode:Part16(2017),9.5,,5277,
917,918.BottomoftheWorld(2017),5.1,,5276,
918,919.November(2017),7.2,79,5251,0.02M
919,920.PrisonBreak(2005–2017)Episode:KanielOutis(2017),8.2,,5244,
920,921.DoctorWho(2005–)Episode:WorldEnoughandTime(2017),9.1,,5240,
921,922.DoctorWho(2005–)Episode:TheDoctorFalls(2017),8.9,,5237,
922,923.Ozark(2017–2022)Episode:RulingDays(2017),7.9,,5235,
923,924.DhakaAttack(2017),7.6,,5232,
924,925.SMILF(2017–2019),6.7,,5226,
925,926.AmericanHorrorStory(2011–)Episode:ElectionNight(2017),6.5,,5224,
926,927.Fargo(2014–)Episode:SomebodytoLove(2017),8.5,,5223,
927,928.IseYararBirSey(2017),7.6,,5197,
928,929.Jane(II)(2017),7.8,87,5196,1.72M
929,930.Andover(2017),5.5,,5193,
930,931.Fargo(2014–)Episode:ThePrincipleofRestrictedChoice(2017),8.0,,5193,
931,932.DoctorWho(2005–)Episode:ThePilot(2017),7.8,,5189,
932,933.IbeonSaengeunCheoeumira(2017),8.1,,5174,
933,934.Ozark(2017–2022)Episode:BookofRuth(2017),8.0,,5166,
934,935.TwinPeaks(2017)Episode:Part3(2017),8.4,,5160,
935,936.Mr.Robot(2015–2019)Episode:eps3.3_m3tadata.par2(2017),8.3,,5158,
936,937.Lefidèle(2017),6.3,50,5156,0.05M
937,938.ThisIsYourDeath(2017),5.6,35,5155,
938,939.TheBachelors(2017),6.8,54,5148,
939,940.TheCrown(2016–)Episode:DearMrs.Kennedy(2017),9.1,,5145,
940,941.DearDictator(2017),5.0,44,5134,
941,942.TheGoodPlace(2016–2020)Episode:Michael'sGambit(2017),9.3,,5129,
942,943.Gemini(II)(2017),5.4,71,5129,0.20M
943,944.Jamestown(2017–2019),6.9,,5109,
944,945.BrooklynNine-Nine(2013–2021)Episode:HalloVeen(2017),9.4,,5108,
945,946.Temple(2017),3.7,23,5105,
946,947.Ali'sWedding(2017),6.9,64,5105,
947,948.Ozark(2017–2022)Episode:NestBox(2017),8.0,,5102,
948,949.IstanbulKirmizisi(2017),5.4,,5099,
949,950.F*&%theProm(2017),4.2,,5099,
950,951.GhostWars(2017–2018),6.2,,5081,
951,952.AppleTreeYard(2017),7.2,,5060,
952,953.OutsideIn(2017),6.7,76,5034,0.07M
953,954.Mr.Robot(2015–2019)Episode:eps3.8_stage3.torrent(2017),8.6,,5032,
954,955.Égmanþig(2017),6.1,,5021,
955,956.HappyFamily(2017),4.8,,5018,
956,957.Vikings(2013–2020)Episode:Crossings(2017),8.5,,5012,
957,958.TheOrville(2017–)Episode:OldWounds(2017),7.4,,5010,
958,959.CubaandtheCameraman(2017),8.2,82,5007,
959,960.MyDaysofMercy(2017),6.5,,5005,
960,961.Mr&MmeAdelman(2017),7.3,,5003,
961,962.Dvizhenievverkh(2017),6.7,,5003,
962,963.AmericanGods(2017–2021)Episode:TheBoneOrchard(2017),8.1,,5000,
963,964.Vikings(2013–2020)Episode:TheReckoning(2017),8.8,,4997,
964,965.StarTrek:Discovery(2017–)Episode:Lethe(2017),7.3,,4987,
965,966.Whitney:CanIBeMe(2017),6.8,64,4984,
966,967.Thupparivaalan(2017),7.5,,4975,
967,968.Hwayugi(2017–2018),8.0,,4974,
968,969.Baadshaho(2017),4.9,,4971,
969,970.TwinPeaks(2017)Episode:Part4(2017),8.5,,4962,
970,971.TheChildinTime(2017TVMovie),6.1,,4954,
971,972.Moontrap:TargetEarth(2017),3.7,,4946,
972,973.Vårtidärnu(2017–),8.2,,4945,
973,974.FreakShow(2017),6.6,54,4939,0.02M
974,975.SuperSizeMe2:HolyChicken!(2017),7.1,61,4935,
975,976.Undirtrénu(2017),6.8,75,4931,0.07M
976,977.Alien:Covenant-Prologue:TheCrossing(2017),7.1,,4908,
977,978.Firebase(2017),7.0,,4905,
978,979.TheLeftovers(2014–2017)Episode:G'DayMelbourne(2017),9.2,,4892,
979,980.Fidaa(2017),7.4,,4890,
980,981.ThePutinInterviews(2017),7.5,,4884,
981,982.TylerPerry'sBoo2!AMadeaHalloween(2017),3.9,17,4884,47.32M
982,983.ThisIsUs(2016–2022)Episode:Memphis(2017),9.5,,4877,
983,984.TheDefenders(2017)Episode:WorstBehavior(2017),8.8,,4877,
984,985.DeathRace2050(2017Video),3.7,,4876,
985,986.Rangoon(II)(2017),5.6,,4862,
986,987.TheDefenders(2017)Episode:TheHWord(2017),7.3,,4852,
987,988.TheHandmaid'sTale(2017–)Episode:AWoman'sPlace(2017),8.7,,4849,
988,989.StarTrek:Discovery(2017–)Episode:IntotheForestIGo(2017),7.9,,4839,
989,990.Taboo(2017–)Episode:Episode#1.2(2017),8.2,,4837,
990,991.Cequinouslie(2017),6.8,58,4835,0.26M
991,992.LittleBoyBlue(2017),7.8,,4824,
992,993.TheCrown(2016–)Episode:Vergangenheit(2017),9.1,,4821,
993,994.Pottersville(2017),5.4,,4821,
994,995.BigLittleLies(2017–2019)Episode:SeriousMothering(2017),8.1,,4812,
995,996.FiveCameBack(2017),8.3,,4800,
996,997.Fargo(2014–)Episode:TheNarrowEscapeProblem(2017),8.2,,4797,
997,998.TheCakemaker(2017),7.3,74,4797,0.88M
998,999.TruthorDare(2017TVMovie),5.0,,4793,
999,"1,000.KolonyaCumhuriyeti(2017)",5.8,,4789,
